Lat, Long
32.6973889802915, -117.1111120197085
32.79248268029149, -117.1072447197085
32.79740218029149, -117.2509443197085
32.68684598029149, -117.1140070197085
32.7152124802915, -117.1600162197085
32.79953648029149, -117.2468383197085
32.69634808029149, -117.1110898197085
32.7504645802915, -117.1195149197085
32.7109069802915, -117.1581390197085
32.79479188029149, -117.2543804197085
32.7145144802915, -117.0666397197085
32.7573093802915, -117.0915885197085
32.9184650802915, -117.1100736197085
32.7245816802915, -117.0533788197085
32.7182681802915, -117.1282363197085
32.70927518029149, -117.1211640197085
32.7064452802915, -117.0549616197085
32.79821288029151, -117.2539473197085
32.6912586802915, -117.1109455197085
32.71505688029149, -117.1589512197085
32.8379586802915, -117.1925795197085
45.5235569802915, -122.9849791197085
32.82899588029149, -117.2002231197085
32.74598478029149, -117.0678842197085
32.68288638029149, -117.0443432197085
32.70359638029149, -117.1090220197085
32.69216118029149, -117.1132139197085
32.7059070802915, -117.0557936197085
32.9040945802915, -117.1227557197085
45.5235569802915, -122.9849791197085
32.72277048029149, -117.0862738197085
32.7118761802915, -117.0598415197085
32.7472150802915, -117.0961529197085
32.7130459802915, -117.1590710197085
32.70384928029149, -117.0294052197085
32.71033138029151, -117.0609977197085
32.7641139802915, -117.1411305197085
32.7433425802915, -117.2459846197085
32.7148021802915, -117.0651390197085
45.5235569802915, -122.9849791197085
32.72900058029151, -117.1152442197085
32.7084829802915, -117.0704569197085
32.6984484802915, -117.1068428197085
32.71142768029149, -117.0314602197085
32.9172610802915, -117.1490091197085
32.76017978029149, -117.0641055197085
32.57644198029149, -117.0203470197085
32.7139325802915, -117.1588089197085
32.7983673802915, -117.2522642197085
32.77695978029149, -117.1635587197085
32.75281658029149, -117.1031002197085
32.8212893802915, -117.1537838197085
32.7492184802915, -117.2513484197085
32.7109069802915, -117.1581390197085
32.94811328029149, -117.1359597197085
32.79821288029151, -117.2539473197085
32.96522408029149, -117.2083615197085
32.7160216802915, -117.1578912197085
32.8379787802915, -117.1935424197085
32.7130459802915, -117.1590710197085
32.8230283802915, -117.1536590197085
32.70795408029149, -117.1306987197085
32.7472732802915, -117.1044006197085
32.70855118029149, -117.1167454197085
32.7101269802915, -117.0286874197085
32.7880189802915, -117.1604604197085
32.7122381802915, -117.0384951197085
32.7573028802915, -117.0907309197085
32.79821288029151, -117.2539473197085
32.7573028802915, -117.0907309197085
32.7171136802915, -117.0868159197085
32.7285511302915, -117.1482041697085
32.70864888029149, -117.1578726197085
32.6880116802915, -117.1045638197085
32.7120259802915, -117.1599826197085
32.9538835802915, -117.1391273197085
32.7097315802915, -117.1426340197085
32.7457052802915, -117.1535973197085
32.7061848802915, -117.1619073197085
32.8559387802915, -117.2003851197085
32.9555721802915, -117.1031486197085
32.79821288029151, -117.2539473197085
32.7659427302915, -117.1108786197085
32.72018508029149, -117.1597501197085
32.7017995802915, -117.0879550197085
32.71071888029149, -117.1596902197085
32.92874468029149, -117.2575640197085
32.8175602802915, -117.1846917197085
32.71517118029149, -117.0922745197085
32.8308848802915, -117.1807460197085
45.5235569802915, -122.9849791197085
32.79821288029151, -117.2539473197085
32.6953220802915, -117.1010327197085
32.6989077802915, -117.1174843197085
32.72303228029149, -117.0984653197085
32.7160137802915, -117.1588226197085
32.6973519802915, -117.1012502197085
32.7102927802915, -117.0436357197085
32.7650409302915, -117.1234171697085
32.6880116802915, -117.1045638197085
32.7376033802915, -117.2429685197085
32.7535755802915, -117.1350012197085
32.7130459802915, -117.1590710197085
32.7065089802915, -117.0585485197085
32.8009723802915, -117.1284047197085
32.7517792802915, -117.1374629197085
32.7114034802915, -117.0706285197085
32.72018508029149, -117.1597409197085
32.8065669802915, -117.2509400197085
32.7517792802915, -117.1374629197085
32.7139300802915, -117.1560610197085
32.5852567802915, -117.0935014197085
32.7466458802915, -117.0576520197085
32.7862644802915, -117.2505866197085
32.7139325802915, -117.1588089197085
32.7149713802915, -117.1588200197085
32.79479188029149, -117.2543804197085
32.6956000802915, -117.0654525197085
32.7120049802915, -117.0463764197085
32.76560378029149, -117.0884253197085
32.70969588029149, -117.1587684197085
32.87494958029149, -117.2225853197085
32.7120259802915, -117.1599826197085
32.7149713802915, -117.1588200197085
32.7472519802915, -117.1007223197085
32.6966128802915, -117.0292983197085
32.7477846802915, -117.0601929197085
32.71828558029149, -117.1051509197085
32.7150421802915, -117.1598228197085
32.7109069802915, -117.1581390197085
32.94011598029149, -117.0728530197085
32.7491219802915, -117.1018982197085
32.7139325802915, -117.1588089197085
32.7581589802915, -117.0855121197085
32.7089264802915, -117.1589379197085
32.81827278029149, -117.0565580197085
32.8104153802915, -117.0709558197085
32.82911198029149, -117.2036711197085
32.7107470802915, -117.1587840197085
32.73467678029149, -117.0972431197085
32.7976246802915, -117.2285347197085
33.114249, -116.90816
32.7130459802915, -117.1590710197085
32.79821288029151, -117.2539473197085
32.80467718029149, -117.2248212197085
32.81827278029149, -117.0565580197085
32.56505138029149, -117.0480385197085
32.5688723802915, -117.0936506197085
32.79311498029149, -117.2487695197085
32.8331300802915, -117.2755979197085
32.6911276802915, -117.1089197197085
32.74033798029149, -117.1761074197085
32.5930011, -117.0742437697085
32.7139325802915, -117.1588089197085
32.79821288029151, -117.2539473197085
32.7517364802915, -117.1212238197085
32.74251118029149, -117.1747628197085
32.7118092802915, -117.1525045197085
32.7688243802915, -117.1458231197085
32.7086444802915, -117.1569155197085
32.7139325802915, -117.1588089197085
32.7663076802915, -117.0886171197085
32.7539519, -117.1523320697085
32.73673668029151, -117.1585125197085
32.57046838029149, -117.0654455197085
32.71091628029151, -117.1238883197085
32.76848088029149, -117.0663069197085
32.6814881802915, -117.0523850197085
32.5660720802915, -117.0830734197085
32.7603336802915, -117.0822255197085
32.7120259802915, -117.1599826197085
32.7120259802915, -117.1599826197085
32.7958456802915, -117.2546981197085
32.7139325802915, -117.1588089197085
32.74725928029149, -117.0667123197085
32.70805368029149, -117.1260038197085
32.79617668029151, -117.2537797197085
32.7755521802915, -117.0964019197085
32.7139220802915, -117.1588088197085
32.79821288029151, -117.2539473197085
32.7240694802915, -117.2325156197085
32.9185907802915, -117.1234073197085
32.7970017802915, -117.2538556197085
32.9078509802915, -117.1503080197085
32.76278138029149, -117.0627640197085
32.71392788029149, -117.1597137197085
32.7109269802915, -117.1590511197085
32.74244728029149, -117.1769534197085
45.5235569802915, -122.9849791197085
32.77673858029149, -117.1568555197085
32.6989312802915, -117.1190436197085
32.7665331802915, -117.2354231197085
32.7108594802915, -117.1586392197085
32.7473011802915, -117.1056295197085
32.7180128802915, -117.1597482197085
32.7711803802915, -117.2514733197085
32.7174669802915, -117.1655870197085
32.7203157802915, -117.1605341197085
32.8005466802915, -117.2501273197085
32.7722519802915, -117.0687708197085
32.79685748029149, -117.2432852197085
32.7472496802915, -117.0931225197085
32.7596702802915, -117.0747535197085
32.7130459802915, -117.1590710197085
32.79841288029149, -117.1164386197085
32.8060615802915, -117.2351211197085
32.7262369802915, -117.1067929197085
32.97000158029149, -117.1822015197085
32.82320388029149, -117.1537981197085
32.79821288029151, -117.2539473197085
32.7128986802915, -117.1588014197085
33.02009818029151, -117.1444878197085
32.9635693802915, -117.1536665197085
32.71288808029149, -117.1578670197085
32.7715864802915, -117.2496515197085
32.7139300802915, -117.1560610197085
32.79479188029149, -117.2543804197085
32.7128903802915, -117.1514683197085
32.8379787802915, -117.1935424197085
32.7152124802915, -117.1600162197085
32.76278138029149, -117.0627640197085
32.8951686802915, -117.1185196197085
32.7691456802915, -117.0783965197085
32.74890208029149, -117.1277226197085
32.79821288029151, -117.2539473197085
32.7955619802915, -117.2416897197085
32.7098435802915, -117.1324788197085
32.75665308029149, -117.2108721197085
32.7498117802915, -117.1287415197085
32.8394898802915, -117.0993146197085
32.58312438029149, -117.0400871197085
32.7554410802915, -117.1263658197085
32.7970017802915, -117.2538556197085
32.7087473802915, -117.1367764197085
32.71817628029149, -117.1533753197085
32.7118533802915, -117.1616620197085
32.9265499802915, -117.1398825197085
32.7313288802915, -117.2192387197085
32.7149634802915, -117.1597091197085
32.8264058802915, -117.2210533197085
32.7777379802915, -117.1520312197085
32.7711803802915, -117.2514733197085
32.5843123802915, -117.0260991197085
32.7089264802915, -117.1589379197085
32.7061848802915, -117.1619073197085
32.7152124802915, -117.1600162197085
32.9921159802915, -117.0708064197085
32.71143728029151, -116.9872268197085
32.7092917802915, -117.1591729197085
32.7567232802915, -117.2036392197085
32.9686528802915, -117.1817556197085
32.7149634802915, -117.1597091197085
33.02009818029151, -117.1444878197085
32.69455258029149, -117.1011031197085
32.76848088029149, -117.0663069197085
32.5801109802915, -117.0527280197085
32.7657318802915, -117.1542960197085
32.8289869802915, -117.2047043197085
32.7107511802915, -117.1560252197085
32.74978348029151, -117.1408417197085
32.7967823802915, -117.2013031197085
32.8162398802915, -117.0113659197085
32.79917338029149, -117.2388916197085
32.7239224802915, -117.2296015197085
32.6952231802915, -117.1259204197085
32.54939608029149, -117.0352621197085
32.8005160802915, -117.2334246197085
32.5655629802915, -117.0858841197085
32.7139455802915, -117.1551675197085
32.7348199802915, -117.1598625197085
32.74603088029149, -117.0561088197085
32.81342978029149, -117.2512959197085
32.7139381802915, -117.1578754197085
32.7089264802915, -117.1589379197085
32.89407068029149, -117.2002585197085
32.7127772802915, -117.1606070197085
32.7498390802915, -117.1538416197085
32.70987188029149, -117.1238975197085
32.7089264802915, -117.1589379197085
32.9015299802915, -117.2411240197085
32.7611269802915, -117.1828349197085
32.75629618029149, -117.0908829197085
32.7929105802915, -117.1646355197085
32.56422158029149, -117.0449278197085
32.7160382802915, -117.1560712197085
32.8114515802915, -117.1494539197085
32.77633498029149, -117.2373630197085
32.74821488029149, -117.2497138197085
32.7492142802915, -117.2513437197085
32.7610172802915, -117.2259507197085
32.88615113029149, -117.2434668197085
32.76874608029149, -117.1698310197085
32.7663483802915, -117.0785171197085
32.91898378029151, -117.1168604197085
32.6694009802915, -117.0558128197085
32.6692822802915, -117.0619122197085
32.7118533802915, -117.1616620197085
32.71643358029149, -117.0933101197085
32.7648712802915, -117.1676300197085
32.7922950802915, -117.1235702197085
32.7601009802915, -117.1542568197085
32.7172038802915, -117.1303815197085
32.55979208029149, -117.0570058197085
32.5868705802915, -117.0236110197085
32.7139325802915, -117.1588089197085
32.8030011802915, -117.2400723197085
32.74981228029149, -117.1450509197085
32.7859418802915, -117.1734915197085
32.79325298029149, -117.2039758197085
32.5579554802915, -117.0553150197085
32.7647923802915, -117.0629554197085
32.81895848029149, -117.2005911197085
32.7867401802915, -117.2526800197085
32.7107470802915, -117.1587840197085
32.70969588029149, -117.1587593197085
32.5691593, -117.0651874697085
32.71630398029149, -117.1594290197085
32.8044308802915, -117.0087071197085
32.7695709802915, -117.1657850197085
32.95421908029149, -117.2263663197085
32.82911918029149, -117.2047006197085
32.75926408029151, -117.0779145197085
32.5787406802915, -117.0231202197085
32.82911918029149, -117.2047006197085
32.8005160802915, -117.2334246197085
32.7107470802915, -117.1587840197085
32.5819868802915, -117.0913305197085
32.8352739802915, -117.2759265197085
32.7872667802915, -117.1560439197085
32.7472519802915, -117.1007223197085
32.6774857802915, -117.0651818197085
32.7545697802915, -117.1016003197085
32.7911688802915, -117.0963583197085
32.7222645802915, -117.1616001197085
32.72335218029149, -117.1561153197085
32.7096822802915, -117.1569273197085
32.7943756802915, -117.1081107197085
32.76099868029151, -117.0631620197085
32.70768968029149, -117.1388645197085
32.80096398029149, -117.2550805197085
32.7498390802915, -117.1538416197085
32.8332919802915, -117.1898271197085
32.95520568029149, -117.1288230197085
32.8342731802915, -117.2626537197085
32.80199878029149, -117.1532369197085
32.9176105802915, -117.2359631197085
32.8627560802915, -117.2328961197085
32.7056478802915, -117.0819911197085
32.56505138029149, -117.0480385197085
32.7497703802915, -117.1423898197085
32.7056755802915, -117.1259815197085
32.8970998802915, -117.1336657197085
32.70402388029149, -117.0474602197085
45.5235569802915, -122.9849791197085
32.71085188029149, -117.1594547197085
32.7986447802915, -117.2367436197085
32.5876087802915, -117.0575623197085
32.7781123802915, -117.0072243697085
32.7497703802915, -117.1423898197085
32.81424758029149, -117.2142186197085
32.7505373802915, -117.2451148197085
32.79087688029149, -117.1246220197085
32.79248268029149, -117.1072447197085
33.0512294802915, -117.0609284197085
32.7960767802915, -117.2535721197085
32.77010138029149, -117.0456443197085
32.71816278029149, -117.1578875197085
33.0094312802915, -117.0881646197085
32.76472508029149, -117.1215220197085
32.72719248029149, -117.0816575197085
32.68216838029149, -117.0557516197085
32.7139203802915, -117.1569660197085
32.7108459802915, -117.1367965197085
32.7654854802915, -117.1941234197085
32.6973598802915, -117.1154152197085
32.6221748802915, -117.0251199197085
32.7565505802915, -117.1424228197085
32.7472150802915, -117.0961529197085
32.7081475802915, -117.1483261697085
32.7376033802915, -117.2429685197085
32.7043115802915, -117.0333807197085
32.7573028802915, -117.0907309197085
32.7237063802915, -117.1279538197085
32.74821488029149, -117.2497138197085
32.6963020802915, -117.1303051197085
32.7056755802915, -117.1259815197085
32.7454145802915, -117.1031840197085
32.74033798029149, -117.1761074197085
32.7511131802915, -117.2048002197085
32.7567232802915, -117.2036392197085
32.7721027802915, -117.1568190197085
32.6964236802915, -117.1046233197085
32.6907477802915, -117.0359140197085
33.114249, -116.90816
32.70864888029149, -117.1578726197085
32.7099607802915, -117.1524718197085
32.7525970802915, -117.2347714197085
32.8609737802915, -117.2402280197085
32.74934998029149, -117.1839840197085
32.80313098029149, -117.0101051197085
32.72551308029149, -117.0907873197085
32.7498527802915, -117.1580225197085
32.7379881802915, -117.1580626197085
32.84176618029149, -117.1668048197085
32.7713535802915, -117.0556228197085
32.7550476802915, -117.2028398197085
32.9873620802915, -117.1648354197085
32.7550476802915, -117.2028398197085
32.70969588029149, -117.1587593197085
32.70768968029149, -117.1388645197085
32.70768968029149, -117.1388645197085
32.74234988029149, -117.1387224197085
32.74725968029149, -117.2283302197085
33.03910018029149, -117.0513646197085
32.7130335802915, -117.0732452197085
32.9439945802915, -117.2394177197085
32.7654854802915, -117.1941234197085
32.7492965802915, -117.1891930197085
32.74167368029149, -117.2527044197085
32.7726597802915, -117.1825911197085
32.7092872802915, -117.0179898197085
32.7150107802915, -117.1506113197085
32.92715718029149, -117.1001551197085
32.7510828802915, -117.1007887197085
32.7247059802915, -117.1712090197085
33.04015818029149, -117.0535512197085
32.7342676802915, -117.0787727197085
32.7170979802915, -117.1606387197085
32.80589218029149, -117.2369096197085
32.8491051802915, -117.1870299197085
32.7519403802915, -117.0689836197085
32.72284858029151, -117.0812830197085
32.7047183802915, -117.0415536197085
32.71917808029149, -117.1533872197085
32.7047183802915, -117.0415536197085
32.83031778029149, -117.1603399197085
32.8990131802915, -117.1058346197085
32.7149813802915, -117.1560696197085
32.7128826802915, -117.1539811197085
32.70768968029149, -117.1388645197085
32.75684298029149, -117.1080017197085
32.7486080802915, -117.0856663197085
32.7513317802915, -117.1595497197085
32.7128986802915, -117.1533093197085
32.75004758029149, -117.1486640197085
32.7514929802915, -117.1560934197085
32.74597758029149, -117.0655983197085
32.75710978029149, -117.1321244197085
32.7509038802915, -117.0920075197085
32.71418798029151, -117.1516224197085
32.7006148802915, -117.0262016197085
32.74598478029149, -117.0678842197085
32.89331198029149, -117.1170990197085
32.58218248029149, -117.0324020197085
32.8341716802915, -117.1518692197085
32.73813398029149, -117.1591559197085
32.71606148029149, -117.1490455197085
32.7182647802915, -117.1303685197085
32.7098324802915, -117.1346408197085
32.75864368029149, -117.1499040197085
32.7472519802915, -117.1007223197085
32.8168749802915, -117.1550893197085
32.7191485302915, -117.2403292
32.7182761802915, -117.1615684197085
32.7414340802915, -117.1764844197085
32.7945623802915, -117.0941893197085
32.7526173802915, -117.2346394197085
32.6976221802915, -117.1174981197085
32.7075382802915, -117.1412297197085
32.6972571802915, -117.1000532197085
45.5235569802915, -122.9849791197085
32.7097301802915, -117.1472123197085
32.7053902802915, -117.0277214197085
32.84021438029149, -117.2461706197085
32.74960678029149, -117.1602765197085
32.8326797802915, -117.1333378197085
32.7149806802915, -117.1533241197085
32.78001088029149, -117.1489129197085
32.8112090802915, -117.1304268197085
32.7163218802915, -117.0163046197085
32.5875870802915, -117.0913310197085
32.69807188029149, -117.1419618197085
32.7534522802915, -117.2137208197085
32.7151859802915, -117.1547260197085
32.8097690802915, -117.2003253197085
32.70868198029149, -117.1474686197085
45.5235569802915, -122.9849791197085
32.7421683802915, -117.1579681197085
32.9043401802915, -117.0891092197085
32.74598478029149, -117.0678842197085
32.71633558029149, -117.1601346197085
32.7109391802915, -117.1455876197085
32.7181463802915, -117.1523530197085
32.7557674802915, -117.1451362197085
32.7521863802915, -117.1754832197085
32.6955832802915, -117.0360871197085
32.7227954802915, -117.1622382197085
32.7097439802915, -117.1472115197085
32.71633558029149, -117.1601346197085
32.8127651802915, -116.9307252197085
32.7077183802915, -117.0750866197085
32.7120259802915, -117.1599826197085
32.9153730802915, -117.1370003197085
32.70868198029149, -117.1474686197085
32.7551631302915, -117.1464532697085
32.7570722, -117.1558867
32.6994266802915, -117.0815790197085
32.6893026802915, -117.1116033197085
32.7713986802915, -117.1331654197085
32.7227954802915, -117.1622382197085
32.7472150802915, -117.0961529197085
32.8373281802915, -117.1383898697085
32.8314474802915, -117.1369115197085
32.8958307802915, -117.1273517197085
32.7534522802915, -117.2137208197085
32.8107833802915, -117.1676624197085
32.5580162802915, -116.9437200197085
32.8093347802915, -117.2093555197085
32.8318534802915, -117.2157377197085
32.73829748029151, -117.0883371197085
32.8375192802915, -117.1222766197085
32.81192618029151, -117.1798357197085
32.5691593, -117.0651874697085
32.6904505802915, -117.1132634197085
32.7504856802915, -117.0822168197085
32.80332938029149, -117.2140779197085
32.8304316802915, -117.1319228197085
32.9260919802915, -117.0204286197085
32.7128798802915, -117.1597086197085
32.7517112802915, -117.1275753197085
32.8097939802915, -117.1188730197085
32.7117939802915, -117.1569332197085
32.75191058029149, -117.1996848197085
32.7960847802915, -117.0856951197085
32.7991077802915, -117.1703139197085
32.7129450802915, -117.1389046197085
32.92870878029149, -117.1563580197085
32.8317929802915, -117.2722069197085
32.6984538802915, -117.1346102197085
32.9523708802915, -117.1993294197085
32.80998288029149, -117.1156285197085
32.6720411802915, -117.0510175197085
32.7171483802915, -117.1696456197085
32.56382028029149, -117.0457832197085
32.7850321802915, -117.2055590197085
32.7169822802915, -117.1698450197085
32.78814808029149, -117.2355067197085
32.7509536802915, -117.0963331197085
32.75665308029149, -117.2108721197085
32.75457968029149, -117.1042959197085
32.8341040802915, -117.1422337197085
32.7139867802915, -117.1481136197085
32.7020760802915, -117.1008549197085
32.9116536802915, -117.1124916197085
32.58532298029149, -117.1043312197085
32.8482003802915, -117.2770099197085
32.7561749802915, -117.2046913197085
32.7511131802915, -117.2048002197085
32.7552499802915, -117.2163410197085
32.7622144802915, -117.1875560197085
32.9515385802915, -117.2044041197085
32.81698918029149, -117.0569350197085
32.7818651302915, -117.2514675197085
32.8518504802915, -117.2536544197085
32.7003295802915, -117.1132956197085
32.5881722, -117.0838212
32.74228198029149, -117.2442516197085
32.7079075802915, -117.1501739197085
32.7098348802915, -117.1532727197085
32.7654854802915, -117.1941234197085
32.7327407802915, -117.1589358197085
32.6954335802915, -117.0782811197085
32.7420551802915, -117.2417964197085
32.7171037802915, -117.1551613197085
33.0039404802915, -117.0567804197085
32.7990691802915, -117.2503294197085
32.74012958029149, -117.2407713197085
32.76059068029149, -117.1779658197085
32.73337198029149, -117.1448456197085
32.8396581802915, -117.0909224197085
32.75141568029149, -117.1560923197085
32.7195476802915, -117.0245420197085
32.75032608029149, -117.0648091197085
32.7472813802915, -117.1031678197085
32.9257672802915, -117.2194870197085
33.10305238029149, -116.9999503197085
32.79222568029149, -117.1636006197085
32.7485395302915, -117.1593886197085
32.8107231802915, -117.2457755197085
32.8357906802915, -117.1742527197085
32.7629395802915, -117.1264656197085
32.7491219802915, -117.1018982197085
32.83620568029149, -117.1424144197085
32.75587258029149, -117.1644584697085
32.7527710802915, -117.0984643197085
32.7998252302915, -117.2467216697085
32.58325438029149, -117.0600987197085
32.9379601802915, -117.1065410197085
32.7528236802915, -117.1018839197085
45.5235569802915, -122.9849791197085
32.7767199802915, -117.1413180197085
32.71732653029149, -117.1503406197085
32.75684298029149, -117.1080017197085
32.7485085802915, -117.0572763197085
32.7751985, -117.1143418
32.7115362802915, -117.0626311197085
32.8131606802915, -117.1997062197085
32.7149635802915, -117.1597002197085
32.84289758029149, -117.1703006197085
32.7327829802915, -117.1504259197085
32.7190136802915, -117.1544090197085
32.7295592802915, -117.1676357197085
32.7510828802915, -117.1007887197085
32.7546220802915, -117.1090200197085
32.7139325802915, -117.1588089197085
32.7623474802915, -117.1193241197085
32.7267967802915, -117.1118441197085
32.5685788802915, -117.0581428197085
32.6984426802915, -117.0964393197085
32.7328881802915, -117.0528817197085
32.69809298029149, -117.0579386197085
32.76783208029149, -117.1464204197085
32.7281835802915, -117.1666810197085
32.71092588029151, -117.1367570197085
32.56382028029149, -117.0457832197085
32.71732653029149, -117.1503406197085
32.5875870802915, -117.0913310197085
32.7999218802915, -117.2450120197085
32.7149713802915, -117.1588200197085
32.8263782802915, -117.1785570197085
32.7901029802915, -117.2361390197085
32.74826358029149, -117.1647723197085
32.7501359802915, -117.2507325197085
32.8531717802915, -117.2151473197085
32.58074308029151, -117.0979188197085
32.70731328029149, -117.1018363197085
32.79821288029151, -117.2539473197085
32.7821429802915, -117.0611716197085
32.7702786802915, -117.1702586197085
32.8005799802915, -117.0314290197085
32.71732653029149, -117.1503406197085
32.71917808029149, -117.1533872197085
32.74608128029149, -117.0874507197085
32.7283882802915, -117.1525406197085
32.70868198029149, -117.1474686197085
32.7546810802915, -117.1050716197085
32.69418668029149, -117.1180043197085
33.0391115802915, -117.0585596197085
32.85570248029151, -117.2566994197085
32.8005204802915, -117.2334260197085
32.98577798029149, -117.1489131197085
32.7585079802915, -117.1117016197085
32.7464877802915, -117.1581984197085
32.7510530802915, -117.1105333197085
32.7693835802915, -117.1931460197085
32.9121944802915, -117.1620615197085
32.70764258029149, -117.1505429197085
32.7544504802915, -117.1960935197085
32.71915998029149, -117.1552054197085
32.74959988029149, -117.1614047197085
32.7202215802915, -117.1552129197085
32.7147302802915, -117.1023838197085
32.8341613802915, -117.1533668197085
32.85131628029149, -117.1968544197085
32.5466519302915, -117.0292626697085
32.58592408029149, -117.0575747197085
32.5667784802915, -117.0538053197085
32.72275898029149, -117.0836524197085
32.9388050802915, -117.1258405197085
32.7064019802915, -117.0495621197085
32.7604692802915, -117.1424534197085
32.74826358029149, -117.1647723197085
32.72750388029149, -117.1589000197085
32.8230542802915, -117.1166665197085
32.8193637802915, -117.1721453197085
32.8843527, -116.9726376
32.80492628029151, -117.1124293197085
32.71196018029149, -117.0566742197085
32.7221145802915, -117.0836073197085
32.7283882802915, -117.1525406197085
32.57972348029149, -117.0896958197085
32.75623028029151, -117.0781063197085
32.7226529802915, -117.1612338197085
32.7596383802915, -117.0985145197085
32.80313768029149, -117.2440236197085
32.7257203802915, -117.1239588197085
32.8175738802915, -117.2295827197085
32.75467458029149, -117.2441665197085
32.73286128029149, -117.0983124197085
32.69999698029149, -117.0956324197085
32.8526592802915, -117.1836935197085
32.7130192802915, -117.1522736197085
32.98264973029149, -117.2506236697085
32.7269319802915, -117.1588913197085
32.7129450802915, -117.1389046197085
32.7729398802915, -117.1811679197085
32.9205955802915, -117.0744381197085
32.7182761802915, -117.1615684197085
32.9694231802915, -117.1734783197085
32.9586687802915, -117.2134733197085
32.6748047802915, -117.0460765197085
32.74568428029149, -117.2519044197085
32.79431108029149, -117.0962657197085
32.8039782802915, -117.2151059197085
32.8033700802915, -117.2519103197085
32.8477319802915, -117.2744180197085
32.77332438029149, -117.1431832197085
32.8016740802915, -117.2335089197085
45.5235569802915, -122.9849791197085
32.97451178029149, -117.0796418197085
32.7307340802915, -117.2399755197085
32.5643537802915, -117.0663365197085
32.81424758029149, -117.2142186197085
32.8065669802915, -117.2509400197085
32.7097277802915, -117.1444507197085
45.5235569802915, -122.9849791197085
32.7446752802915, -117.1590332197085
32.9421494802915, -117.1433962197085
32.8231748802915, -117.1517472197085
32.73437298029151, -117.1732244197085
33.114249, -116.90816
32.73824388029149, -117.0995949197085
32.8092760802915, -117.2015655197085
32.7027091802915, -117.1486247197085
32.8385592802915, -117.1341634197085
32.9515379802915, -117.1064050197085
32.7692359802915, -117.2000590197085
32.91431598029151, -117.1476153197085
32.69856528029151, -117.1387441197085
32.80274298029151, -117.2321628197085
32.74481958029151, -117.0702186197085
32.7773614802915, -117.2036311197085
32.7454775802915, -117.1155324197085
32.72162058029149, -117.1288829197085
33.114249, -116.90816
32.70738498029151, -117.0869036197085
32.7526020802915, -117.2185527197085
32.7721027802915, -117.1568190197085
32.81193208029149, -117.2122254197085
32.7815921802915, -117.0998071197085
32.7516889802915, -117.1450542197085
32.7052888802915, -117.1061259197085
33.0135719802915, -117.0770715197085
32.7546048802915, -117.1069091197085
32.83771728029149, -117.2244315197085
32.7522957802915, -117.2408647197085
32.7607480802915, -117.1749930197085
32.80300448029149, -117.2536979197085
32.7679176, -117.1235339
32.7646820802915, -117.1138249197085
32.7063079802915, -117.1479230197085
32.71076018029149, -117.1505312197085
32.7650307802915, -117.0618318197085
32.7654556802915, -117.2249159197085
32.5683046802915, -116.9764721197085
32.71581988029151, -117.1196557197085
32.7065352802915, -117.0654213197085
32.7067276802915, -117.1493219197085
32.7061848802915, -117.1619073197085
32.7090755802915, -117.0836651197085
32.8408779802915, -117.1307314197085
32.8399070802915, -116.9725126197085
32.81600488029149, -117.1530678197085
32.8994915802915, -117.1875560197085
32.69165338029149, -117.0213910197085
32.7411735, -117.1198571
32.72432448029149, -117.1660334197085
32.7025433802915, -117.1281576197085
32.5930011, -117.0742437697085
32.70621948029149, -117.1154806197085
32.7408662802915, -117.1732620197085
32.55760538029149, -116.9536930197085
32.6984341802915, -117.1132532197085
32.73587138029149, -117.1589603197085
32.7848896802915, -117.1704115197085
32.7551751802915, -117.1591317197085
32.7233081802915, -117.1634186197085
32.5643537802915, -117.0663365197085
32.79720888029149, -117.0820408197085
32.5643537802915, -117.0663365197085
32.6975890802915, -117.1197101197085
32.73857238029149, -117.1011161197085
32.7237142802915, -117.1588632197085
32.5788254802915, -117.0344781197085
32.75131948029149, -117.1614278197085
32.74706638029149, -117.1842586197085
32.8938558, -116.9899421
32.8005466802915, -117.2501273197085
32.79502858029149, -117.2532435197085
32.7239404802915, -117.2311264197085
32.7654854802915, -117.1941234197085
32.7512157802915, -117.1001732197085
32.7336013802915, -117.1263465197085
32.6952231802915, -117.1259204197085
32.72018508029149, -117.1597501197085
32.70204238029149, -117.1027393197085
32.7560921802915, -117.0569605197085
32.8536462802915, -117.2026420197085
32.71919518029149, -117.1513029197085
32.7455422802915, -117.1862236197085
32.7097301802915, -117.1472123197085
32.71606088029149, -117.1542541197085
32.8161607802915, -117.1623833197085
32.70762398029149, -117.1471786197085
32.75019888029149, -117.0780217197085
32.73806208029149, -117.2479003197085
32.7130187802915, -117.1613167197085
32.6952492802915, -117.1182304197085
32.74005888029149, -117.1599071197085
32.8468862302915, -117.2756051197085
32.80560868029149, -117.1609456197085
32.71496928029149, -117.1551504197085
32.7491989802915, -117.1105724197085
32.7135219802915, -117.0965243197085
32.7156729802915, -117.0964913197085
32.6900996802915, -117.1046071197085
32.7707381802915, -117.1688391197085
32.7140900802915, -117.1260687197085
32.8054885802915, -117.0525720197085
32.7458800802915, -117.0866701197085
32.7389976802915, -117.1626339197085
32.7941000802915, -117.2529550197085
32.6975747802915, -117.1218216197085
32.7047183802915, -117.0415536197085
32.8325261802915, -117.2226045197085
32.7623646802915, -117.1215537197085
32.70764258029149, -117.1505429197085
32.7105151802915, -117.0837469197085
32.7455757802915, -117.1287348197085
32.7317595802915, -117.2274425197085
32.9235877802915, -117.2269885197085
32.7182761802915, -117.1615684197085
32.7990691802915, -117.2503294197085
32.7720552802915, -117.1461955197085
32.74821488029149, -117.2497138197085
32.7548670802915, -117.1473394197085
32.7848896802915, -117.1704115197085
32.75169178029149, -117.1450623197085
32.70864888029149, -117.1578726197085
32.8046288802915, -117.2327255197085
32.7407583802915, -117.1241314197085
32.7636158802915, -117.1112343197085
32.7527498802915, -117.0941419197085
32.7544585802915, -117.2019215197085
32.7453957802915, -117.1031781197085
32.7575454802915, -117.0897991197085
32.7347158802915, -117.0707713197085
32.9998684802915, -117.0755190197085
32.7647093802915, -117.1192967197085
32.73806208029149, -117.2479003197085
32.74306368029151, -117.1609694197085
32.74564288029149, -117.0533095197085
32.75150248029149, -117.1560933197085
32.7688243802915, -117.1458231197085
32.7491754802915, -117.0517270197085
32.9297930802915, -117.1395169197085
32.83919648029149, -117.2680058197085
32.7975099802915, -117.1236831197085
32.5840547802915, -117.0253802197085
32.8112841802915, -117.1284037197085
32.9297930802915, -117.1395169197085
32.77633498029149, -117.2373630197085
32.8009833802915, -117.2414191197085
32.7653490802915, -117.1966842197085
32.75346578029149, -117.1957893197085
32.7327224802915, -117.1644068197085
32.9413364802915, -117.1110519197085
32.7647370802915, -117.1236365197085
32.7808703802915, -117.1279430197085
32.7671005802915, -117.1970197197085
32.7128881802915, -117.1533091197085
32.77633498029149, -117.2373630197085
32.7871341802915, -117.1090046197085
32.5735974802915, -117.0848671197085
32.7097439802915, -117.1472115197085
32.72995598029149, -117.1287931197085
32.7499869802915, -117.1236243197085
32.79479188029149, -117.2543804197085
32.80560868029149, -117.1609456197085
32.7607353802915, -117.1290124197085
32.75665308029149, -117.2108721197085
32.7490371802915, -117.0920372197085
32.7227857802915, -117.0884327197085
32.7232915802915, -117.1678293197085
32.69159338029149, -117.1152089197085
32.7562735802915, -117.0800413197085
32.7755807802915, -117.1452860197085
32.8177434802915, -117.1477580197085
32.7118285802915, -117.1472023197085
32.5750869802915, -117.0467698197085
32.7585060802915, -117.1111905197085
32.7027607802915, -117.1154296197085
32.7245885802915, -117.1062785197085
32.7848896802915, -117.1704115197085
32.8112090802915, -117.1304268197085
32.7191624302915, -117.1615676697085
32.82067478029151, -117.0544137197085
32.7516815802915, -117.1300504197085
32.7191624302915, -117.1615676697085
32.7222476802915, -117.1642720197085
32.8150012802915, -117.2023019197085
32.9217673802915, -117.1460649197085
32.7945623802915, -117.0941893197085
32.7614253802915, -117.1846302197085
32.7247686802915, -117.0856935197085
32.6902973802915, -117.0616178197085
32.80408628029149, -117.2200664197085
32.7490755802915, -117.2489821197085
32.70805678029149, -117.0674656197085
32.7191345802915, -117.1597442197085
32.7192906802915, -117.1324640197085
32.7545405802915, -117.1005865197085
32.7222476802915, -117.1642720197085
32.7544911802915, -117.0941277197085
32.74692478029149, -117.0576103197085
32.6993426302915, -117.1079991
32.67174548029149, -117.0635130197085
32.7128957802915, -117.1480990197085
32.54557868029149, -117.0397829197085
32.7117657802915, -117.1633623197085
32.98972698029149, -117.0738049197085
32.70775958029149, -117.0308073197085
32.8044308802915, -117.0087071197085
32.7072936802915, -117.0923114197085
32.8963166802915, -117.1394558197085
32.7510884802915, -117.1093091197085
32.56505138029149, -117.0480385197085
32.7647923802915, -117.0629554197085
32.7551536802915, -117.2221351197085
32.71556298029149, -117.1474550197085
32.7569051802915, -117.2380061197085
32.75865728029149, -117.1300791197085
32.7544823802915, -117.0581930197085
32.73098478029149, -117.0609347197085
32.7609065802915, -117.1949609197085
32.7411735, -117.1198571
32.8386026802915, -117.2778416197085
32.6858660802915, -117.0316989197085
32.7554385802915, -117.1276088197085
32.57990168029149, -117.0574539197085
32.7503401802915, -117.0713437197085
32.7953742802915, -117.1364231197085
32.5579554802915, -117.0553150197085
32.74959988029149, -117.1614047197085
32.76894748029149, -117.0478897197085
32.7485395302915, -117.1593886197085
32.9337555802915, -117.1394315197085
32.7565976802915, -117.1288354197085
32.7046299802915, -117.1238682197085
32.7072709802915, -117.1447600197085
32.7746134802915, -117.2024640197085
32.7347158802915, -117.0707713197085
32.83368928029149, -117.2771320197085
32.75862438029149, -117.1325390197085
32.75019888029149, -117.0780217197085
32.70768968029149, -117.1388645197085
32.69817708029149, -117.0967233197085
32.7498117802915, -117.1287415197085
32.71003628029149, -117.1507894697085
32.74887718029149, -117.1279915197085
32.7917738802915, -117.1463381197085
32.54939608029149, -117.0352621197085
32.58541298029149, -117.1001421197085
32.70384928029149, -117.0294052197085
32.7553215802915, -117.2124638197085
32.72281828029149, -117.0921845197085
32.81702858029149, -117.2693704197085
32.7414614802915, -117.2276278197085
32.91431598029151, -117.1476153197085
32.72611088029149, -117.0856841197085
32.764991, -117.1147095
32.71313018029149, -117.1347947197085
32.7677880802915, -117.0489065197085
32.7505437802915, -117.0825946197085
45.5235569802915, -122.9849791197085
32.8314490802915, -117.1344122197085
32.71292278029149, -117.1505977197085
32.7195504302915, -117.1573612697085
32.7623393802915, -117.1082156197085
32.7509536802915, -117.0963331197085
32.72281828029149, -117.0921845197085
32.5508478802915, -117.0346530197085
32.76588488029149, -117.1964705197085
32.5930011, -117.0742437697085
32.9290204802915, -117.1481174197085
32.83823468029149, -117.2793117197085
32.7026468802915, -117.1067224197085
32.7986520802915, -117.1635284197085
32.67418798029149, -117.0590483197085
32.7160137802915, -117.1588226197085
32.8482003802915, -117.2770099197085
32.7497364802915, -117.1479466197085
32.7327407802915, -117.1589358197085
32.82295378029149, -117.2730288197085
32.69835158029149, -117.1367491197085
32.5829870802915, -117.0341081197085
32.9055314802915, -117.1937330197085
32.69597778029149, -117.0224930197085
32.75665308029149, -117.2108721197085
32.95520508029149, -117.2328254197085
32.71917808029149, -117.1533872197085
32.7478894802915, -117.1691265197085
32.5718991802915, -117.0450156197085
32.70768968029149, -117.1388645197085
32.7603532802915, -117.0865360197085
32.7434546802915, -117.1675520197085
32.78287228029149, -117.1083695197085
32.76472508029149, -117.1215220197085
32.8130335802915, -117.1995728197085
32.9981623802915, -117.1545839197085
32.71288138029149, -117.1587982197085
32.7072139802915, -117.1307360197085
32.7919608802915, -117.0982494197085
32.74989788029149, -117.1250916197085
32.9068464802915, -117.0747292197085
32.8314474802915, -117.1369115197085
32.7173344802915, -117.1103323197085
32.7128772802915, -117.1490116197085
32.7499207802915, -117.2482795197085
32.93790978029149, -117.0949113197085
32.7958456802915, -117.2546981197085
32.7534522802915, -117.2137208197085
32.69856528029151, -117.1387441197085
32.84858888029149, -117.2752328197085
32.75926408029151, -117.0779145197085
32.57978678029149, -117.0822342197085
32.71603038029149, -117.1605126197085
32.7106404802915, -117.1209203197085
32.70763558029149, -117.1435501197085
32.7108808802915, -117.0379477197085
32.7307019802915, -117.1569124197085
32.8224928802915, -117.0765712197085
32.7135219802915, -117.0965243197085
32.70432728029149, -117.0981390197085
32.7066410802915, -117.1435404197085
32.8277272802915, -117.1479415197085
32.9365423802915, -117.2376180197085
32.7254239802915, -117.1597991197085
32.7108644802915, -117.1346363197085
32.6669438802915, -117.0647743197085
32.74978498029149, -117.1399274197085
32.7182681802915, -117.1282363197085
32.7985939802915, -117.2465348197085
32.7958456802915, -117.2546981197085
32.7835639802915, -117.2046520197085
32.7556681802915, -117.2354963197085
32.7048084802915, -117.1438101197085
32.7544590802915, -117.2470126197085
32.7138856802915, -117.0295378197085
32.8585532802915, -117.2495099197085
32.55760538029149, -116.9536930197085
32.6938355802915, -117.0898468197085
32.7128826802915, -117.1539811197085
32.74420608029151, -117.1857047197085
32.7563334802915, -117.2134527197085
32.83224508029149, -117.2793351197085
32.8238844802915, -117.1732844197085
32.75125398029149, -117.2418210197085
32.78584238029149, -117.1652570197085
32.7444877802915, -117.1727379197085
32.71342388029149, -117.0409508197085
32.9467352802915, -117.0796436197085
32.71924938029149, -117.1411385197085
32.79502858029149, -117.2532435197085
32.7453221802915, -117.0910049197085
32.7534522802915, -117.2137208197085
32.7792269802915, -117.2018980197085
32.7611269802915, -117.1828349197085
32.8011419802915, -117.2395030197085
32.7108711802915, -117.1473810197085
32.8062537802915, -117.2567173197085
32.7151149802915, -117.1519752197085
32.8144931802915, -117.2434112197085
32.6847995802915, -117.0439833197085
32.72132618029149, -117.1599326197085
32.7567288802915, -117.1350195197085
32.7047183802915, -117.0415536197085
45.5235569802915, -122.9849791197085
45.5235569802915, -122.9849791197085
32.80903148029149, -117.2536269197085
32.8631698802915, -117.2120508197085
32.75131948029149, -117.1614278197085
32.7607480802915, -117.1749930197085
32.94085938029151, -117.1641328197085
32.7512183802915, -117.1172273197085
32.73976768029149, -117.0963176197085
32.7690814802915, -117.1703562197085
32.7058224802915, -117.0901111197085
32.7640096, -116.8794605
32.80843908029151, -117.1144184197085
32.7567061802915, -117.1197825197085
32.77633498029149, -117.2373630197085
32.73274948029151, -117.1580606197085
32.80313768029149, -117.2440236197085
32.9191788802915, -117.0761012197085
32.7751985, -117.1143418
32.58227168029149, -117.0066459197085
32.80234798029149, -117.2339870197085
32.75131948029149, -117.1614278197085
32.8951719802915, -117.1256779197085
32.6859743802915, -117.0499147197085
32.7871167802915, -117.2519833197085
32.7101269802915, -117.0286874197085
32.7149805802915, -117.1542409197085
32.7053175802915, -117.0738720197085
32.5868470802915, -117.0308620197085
32.7532313802915, -117.1626493197085
32.73516488029149, -117.1227679197085
32.7509035802915, -117.0898749197085
32.8312925802915, -117.2722071197085
32.8599932802915, -117.2539839197085
32.7118245802915, -117.1606066197085
32.7173038802915, -117.1093051197085
32.7455914802915, -117.1904233197085
32.8039782802915, -117.2151059197085
32.8015499802915, -117.2376420197085
32.54939608029149, -117.0352621197085
45.5235569802915, -122.9849791197085
32.5466519302915, -117.0292626697085
32.78348878029149, -117.1680556197085
32.76946718029149, -117.1653794197085
32.8938558, -116.9899421
32.5930011, -117.0742437697085
32.6963326802915, -117.1132487197085
32.7183054802915, -117.1217877197085
32.76681818029149, -117.1235931197085
32.94085938029151, -117.1641328197085
32.7557674802915, -117.1451362197085
32.7877460802915, -117.1139130197085
32.7963555802915, -117.2517153197085
32.7685215802915, -117.1475449197085
32.7556991, -117.1617685
32.70763558029149, -117.1435501197085
32.8039782802915, -117.2151059197085
32.7498527802915, -117.1580225197085
32.7477552802915, -117.1487690197085
32.79502858029149, -117.2532435197085
32.57138938029149, -117.0914035197085
32.8039782802915, -117.2151059197085
32.54676978029149, -117.0382686197085
32.7108162802915, -117.1410672197085
32.5718991802915, -117.0450156197085
32.74090398029149, -117.2534042197085
32.7563654802915, -117.0887572197085
32.6859743802915, -117.0499147197085
32.7510712802915, -117.1105331197085
32.8606522802915, -117.2196390197085
32.7567329802915, -117.1337884197085
32.7182152802915, -117.1623613197085
32.9919173802915, -117.0750655197085
32.68262438029149, -117.0385598197085
32.7516922802915, -117.1288153197085
32.7212798802915, -117.1552301197085
32.7570722, -117.1558867
32.7587536802915, -117.1980065197085
32.7429717802915, -117.2088357197085
32.7584642802915, -117.0988585197085
32.56154118029149, -117.0480521197085
32.8111533802915, -117.1374077197085
32.76060958029149, -117.1870997197085
32.5559938802915, -117.0466627197085
32.5642248802915, -117.0544908197085
32.7138463802915, -117.0221859197085
32.7534153802915, -117.1479210197085
32.77633498029149, -117.2373630197085
32.7546153, -117.1558867
32.7509373802915, -117.0866440197085
32.71640908029149, -117.1346487197085
32.7566786302915, -117.1891271697085
32.72730798029149, -117.2379015197085
32.5621246802915, -117.0507077197085
45.5235569802915, -122.9849791197085
32.8110860802915, -117.1412698197085
32.7193945802915, -117.0282364197085
32.7221996802915, -117.1678395197085
32.7562411802915, -117.0822888197085
32.7401630802915, -117.0576295197085
32.6872491802915, -117.0505296197085
32.9068464802915, -117.0747292197085
32.7293010802915, -117.2234753197085
32.9693632802915, -117.1769948197085
32.7170979802915, -117.1606387197085
32.7426766802915, -117.1458466197085
32.74349608029151, -117.1354612197085
32.7089691802915, -117.0415630197085
32.7034818802915, -117.1339735197085
32.7034818802915, -117.1339735197085
32.8075173802915, -117.2175736197085
32.9185907802915, -117.1234073197085
32.6954335802915, -117.0782811197085
32.5886816, -117.1067420197085
32.7327375802915, -117.1598660197085
32.56505138029149, -117.0480385197085
32.75100778029149, -117.0878806197085
32.7469463802915, -117.2455024197085
32.70973188029149, -117.1426264197085
32.75660868029149, -117.1079110197085
33.0079154802915, -117.0948566197085
32.7554302802915, -117.1288301197085
32.7871890802915, -117.1517033197085
32.75356298029149, -117.1288240197085
32.7544585802915, -117.2019215197085
32.7068146802915, -117.0389017197085
32.7817714802915, -117.1478112197085
32.7466416802915, -117.1296426197085
32.8285508802915, -117.1567228197085
32.6822765802915, -117.0376027197085
32.7310501802915, -117.1023210197085
32.8359513802915, -117.1721476197085
32.76588488029149, -117.1964705197085
32.7171822802915, -117.1641517197085
32.6777219802915, -117.0694656197085
32.7707381802915, -117.1688391197085
32.7513284802915, -117.1602911197085
32.7998252302915, -117.2467216697085
32.6973889802915, -117.1111120197085
32.7193573802915, -117.1196622197085
32.82717398029151, -117.2412571197085
32.70432728029149, -117.0981390197085
33.0258829802915, -117.0813738197085
32.7119489802915, -117.1590610197085
33.0130898802915, -117.0899088197085
32.71146308029149, -117.1522660197085
32.78924068029149, -117.2520187197085
32.7472727802915, -117.1019259197085
32.75101848029149, -117.2046328197085
32.7528271802915, -117.2036119197085
32.7864246802915, -117.1517899197085
32.5466519302915, -117.0292626697085
32.7455422802915, -117.1862236197085
32.7243359802915, -117.1651679197085
32.8243129802915, -117.2602780197085
32.7537475802915, -117.0654203197085
32.75671098029149, -117.1436489197085
32.75717588029149, -117.2191833197085
32.7002372802915, -117.1089827197085
32.7171586802915, -117.1411394197085
32.74598478029149, -117.0678842197085
32.73800878029149, -117.1572164197085
32.8154960802915, -117.0084600197085
32.76707838029149, -117.1868204197085
32.5691593, -117.0651874697085
32.70890508029149, -117.1535677197085
32.7598151802915, -117.1967605197085
32.5559938802915, -117.0466627197085
32.7256429802915, -117.1622289197085
32.8009959802915, -117.0144624197085
32.78121668029149, -117.2349310197085
32.7994083802915, -117.1494508197085
32.95451948029149, -117.2075493197085
32.70049558029151, -117.1143252197085
32.7089264802915, -117.1589379197085
32.74960678029149, -117.1602765197085
32.81106528029149, -117.1431475197085
32.7507341802915, -117.0845029197085
32.9363330802915, -117.2069393197085
32.7444078802915, -117.2477175197085
32.8222195802915, -117.1746692197085
32.8112090802915, -117.1304268197085
32.7152518802915, -117.0916964197085
32.7642493802915, -117.1288647197085
33.0026732802915, -117.0911722197085
32.66617918029149, -117.0652145197085
32.5581188802915, -117.0610922197085
32.7371759802915, -117.1100789197085
32.9747857802915, -117.1185372197085
32.7233020802915, -117.1678293197085
32.8120070802915, -117.1554487197085
32.5832586802915, -117.0601021197085
32.5823178802915, -117.0587024197085
32.7931190802915, -117.2487706197085
32.7715864802915, -117.2496515197085
45.5235569802915, -122.9849791197085
32.7534655802915, -117.2138036197085
32.58218248029149, -117.0324020197085
32.7051307802915, -117.1462748197085
32.7057306802915, -117.0922978197085
32.7496546802915, -117.1562467197085
32.7722667802915, -117.1549823197085
32.70762758029149, -117.1453744197085
45.5235569802915, -122.9849791197085
32.81544908029149, -117.0824873197085
32.71288858029151, -117.0830099197085
32.7609065802915, -117.1949609197085
32.73621428029149, -117.0783772197085
32.9189925802915, -117.1189557197085
32.73482388029149, -117.2204149197085
32.7609065802915, -117.1949609197085
32.9032474802915, -117.1982008197085
32.7682817802915, -117.1519310197085
32.7755659802915, -117.2040112197085
32.74971608029149, -117.1570375197085
32.8007332802915, -117.2413584197085
32.95451948029149, -117.2075493197085
32.7201179802915, -117.0922079197085
32.7193480802915, -117.1217942197085
32.7247745802915, -117.1315849197085
32.7511131802915, -117.2048002197085
32.7813103802915, -117.1090695197085
32.7534655802915, -117.2138036197085
32.7813049802915, -117.1090044197085
32.76030498029149, -117.0721725197085
32.7731896802915, -117.2001576197085
32.70724338029149, -117.0813087197085
32.7480183802915, -117.2472541197085
32.7423751802915, -117.1258149197085
32.7089696802915, -117.0708623197085
32.73062678029149, -117.1132506197085
32.5781746802915, -117.0305243197085
32.74960678029149, -117.1602765197085
32.7584918802915, -117.1068714197085
32.7129383802915, -117.1142911197085
32.71146228029149, -117.0901292197085
32.7890544802915, -117.0978783197085
32.7510693802915, -117.1056035197085
32.7018869802915, -117.0422214197085
32.71625678029149, -117.1472189197085
32.83581368029149, -117.1773789197085
32.7703001802915, -117.1910282197085
32.7498390802915, -117.1538416197085
32.79849788029149, -117.2426080197085
32.8130335802915, -117.1995728197085
32.7650307802915, -117.0618318197085
32.7740787802915, -117.1543692197085
32.7490755802915, -117.2489821197085
32.75124528029149, -117.1985335197085
32.6902949802915, -117.0954530197085
33.0154839802915, -117.0765132197085
32.7180128802915, -117.1597482197085
32.8041725802915, -117.1969895197085
32.7129109802915, -117.1505828197085
32.7510712802915, -117.1105331197085
32.7257287802915, -117.2280658197085
32.6981809802915, -117.0911687197085
32.71828558029149, -117.1051509197085
32.94093598029149, -117.1546299197085
32.82169598029149, -117.1768283197085
32.9095179802915, -117.1439676197085
32.96345008029149, -117.0907420197085
32.7510082802915, -117.1043464197085
32.9436947802915, -117.2466010197085
32.71399298029149, -117.1472286197085
32.7462286802915, -117.2463921197085
32.7135024802915, -117.0479593197085
32.7097439802915, -117.1472115197085
32.75131948029149, -117.1614278197085
32.7586459802915, -117.1337887197085
32.83089358029149, -117.2631713197085
32.7495897802915, -117.1625544197085
32.7207988802915, -117.1154803197085
32.7686031802915, -117.1192626197085
32.7871341802915, -117.1090046197085
32.68803448029149, -117.1024392197085
32.7051307802915, -117.1462748197085
32.85243708029149, -117.1810149197085
32.76774668029149, -117.1606697197085
32.71605108029149, -117.1551574197085
32.7522957802915, -117.2408647197085
32.74919748029149, -117.2068426197085
32.79720888029149, -117.0820408197085
32.5803555802915, -117.0545967197085
32.7451976802915, -117.2098199197085
32.7275091802915, -117.1598121197085
32.9890949802915, -117.1293969197085
32.7820180802915, -117.1747978197085
32.5528279802915, -116.9609926197085
32.7039881802915, -117.0294305197085
32.7740727802915, -117.1561380197085
32.75097708029149, -117.0995696197085
32.74725928029149, -117.0667123197085
32.9107752802915, -117.1229418197085
32.7888165802915, -117.0822509197085
33.0348601802915, -117.0788990197085
32.81935798029149, -117.0457565197085
32.7301937802915, -117.0529943197085
32.7970389802915, -117.1900582197085
32.8082507802915, -117.1492737197085
32.9834171802915, -117.0727218197085
32.5860612802915, -117.0983452197085
32.6828266802915, -117.0845461197085
32.8024897802915, -117.1390069197085
32.83370558029149, -117.2728542197085
32.7477787802915, -117.1449645197085
32.9143318802915, -117.1136068197085
32.70762758029149, -117.1453744197085
32.9147849802915, -117.2266193197085
32.80302718029149, -117.0407000197085
32.80355178029149, -117.2285068197085
45.5235569802915, -122.9849791197085
32.798694, -117.043719
45.5235569802915, -122.9849791197085
45.5235569802915, -122.9849791197085
45.5235569802915, -122.9849791197085
32.72021488029149, -117.1533932197085
32.5799639802915, -117.0843486197085
32.7648950802915, -117.1938796197085
32.7139325802915, -117.1588089197085
32.97451178029149, -117.0796418197085
32.7270753802915, -117.2201677197085
32.8349115802915, -117.1773906197085
32.7994083802915, -117.1494508197085
32.7994083802915, -117.1494508197085
32.72021488029149, -117.1561416197085
32.7737434802915, -117.1050856197085
32.7300089802915, -117.2244850197085
32.6998468802915, -117.1346856197085
32.8037547802915, -117.2285020197085
32.7149806802915, -117.1533241197085
32.7160565802915, -117.1533495197085
32.7770973802915, -117.1676412197085
32.7933949802915, -117.1607239197085
32.6791042802915, -117.0592115197085
32.72275898029149, -117.0836524197085
32.9524642802915, -117.2336795197085
32.71111138029151, -117.2475959197085
32.91378968029149, -117.1487420197085
32.5528279802915, -116.9609926197085
32.8346323802915, -117.1546892197085
32.71817628029149, -117.1542846197085
32.7558572802915, -117.1582993197085
32.7558572802915, -117.1582993197085
32.7519403802915, -117.0689836197085
32.5657868802915, -117.0777397197085
32.7924324802915, -117.1001148197085
32.7924324802915, -117.1001148197085
32.8687736802915, -117.2060416197085
32.77491398029149, -117.1527579197085
32.5738776802915, -117.0324718197085
32.8159319802915, -117.2150210197085
32.7500818802915, -117.2299522197085
32.7504597802915, -117.1034095197085
32.81205868029149, -117.1477102197085
32.8708597802915, -117.2362765197085
32.7305028802915, -117.2075573197085
32.95579178029149, -117.2086684197085
32.5851169802915, -117.0603402197085
32.9629869802915, -117.2053666197085
32.9822232802915, -117.0815021197085
32.85458618029149, -117.1880855197085
32.76509298029149, -117.0621260197085
32.74821488029149, -117.2497138197085
32.7437297802915, -117.1790480197085
32.8020302802915, -117.2400383197085
32.71421898029149, -117.1540180197085
32.8627560802915, -117.2328961197085
32.7130829802915, -117.1684190197085
32.91431598029151, -117.1476153197085
32.7512088802915, -117.1614171197085
32.91862958029149, -117.1272682197085
32.75150248029149, -117.1560933197085
32.75884078029149, -117.2151210197085
32.7139221802915, -117.1587995197085
32.76052498029149, -117.1290668197085
32.8131606802915, -117.1997062197085
32.88364058029151, -117.2103437197085
32.71816278029149, -117.1578875197085
32.7705213802915, -117.1501093197085
32.7619433802915, -117.0608129197085
32.75131948029149, -117.1614278197085
32.6976221802915, -117.1174981197085
32.6890450802915, -117.1067440197085
32.7501474802915, -117.1287108197085
32.7492069802915, -117.1117971197085
33.114249, -116.90816
32.80381338029149, -117.1978386197085
32.8906300802915, -117.1834703197085
32.7772518802915, -117.0494484197085
32.9548111802915, -117.1069557197085
32.7270753802915, -117.2201677197085
32.7270753802915, -117.2201677197085
32.8218391802915, -117.1784984197085
32.7911688802915, -117.0963583197085
32.7707381802915, -117.1688391197085
32.7650307802915, -117.0618318197085
32.78427458029149, -117.0973132197085
32.5804254802915, -117.1020793197085
32.80569628029149, -117.1480273197085
32.7672682802915, -117.0522776197085
32.98706128029149, -117.0742515197085
32.7919608802915, -117.0982494197085
32.95424438029149, -117.1182275197085
32.74162138029151, -117.0995770197085
32.8231738802915, -117.1430503197085
32.80437188029151, -117.1308390197085
32.7008839302915, -117.0910761197085
32.7657276, -117.1441227
32.8112090802915, -117.1304268197085
32.8337402802915, -117.1343038197085
32.7233020802915, -117.1678293197085
32.71046268029149, -117.1615711197085
32.73631578029149, -117.1055297197085
32.95787938029149, -117.1240506197085
32.8349598802915, -117.1933704197085
32.8443885802915, -117.2007125197085
32.7183054802915, -117.1217877197085
32.5530154802915, -117.0385114197085
32.7433089802915, -117.1258061197085
32.8357906802915, -117.1742527197085
32.7502469802915, -117.0781928197085
32.831089, -116.895458
45.5235569802915, -122.9849791197085
32.7497996802915, -117.1374470197085
32.5746453802915, -117.0449408197085
32.77945018029151, -117.1507921197085
32.7707381802915, -117.1688391197085
32.7673875802915, -117.1541111197085
32.7074381802915, -117.1262235197085
32.74975828029149, -117.0819630197085
32.9609496802915, -117.0875864197085
32.6949607802915, -117.0837721197085
32.75143638029149, -117.1615612197085
32.74714598029149, -117.2479748197085
32.74715038029149, -117.2479713197085
32.9101137802915, -117.1717684197085
32.94213328029149, -117.2024578197085
32.7740727802915, -117.1561380197085
32.7427259802915, -117.2491714197085
32.7605384802915, -117.1165138197085
32.7535540802915, -117.1300677197085
32.6926657802915, -117.1058221197085
32.82693328029149, -117.2177693197085
32.7614253802915, -117.1846302197085
32.95520568029149, -117.1288230197085
32.55010238029149, -116.9886651197085
32.7195476802915, -117.0245420197085
32.5706197802915, -117.0653914197085
32.7473228802915, -117.0846158197085
32.7567061802915, -117.1197825197085
32.9025791802915, -117.1838558197085
32.83067838029149, -117.1522684197085
45.5235569802915, -122.9849791197085
32.84617008029149, -117.2685626197085
32.70890508029149, -117.1535677197085
32.7858856802915, -117.0849624197085
32.7535451802915, -117.1325082197085
32.75064598029149, -117.2423626197085
32.7535451802915, -117.1325082197085
32.7513317802915, -117.1595497197085
32.9439945802915, -117.2394177197085
32.5528279802915, -116.9609926197085
32.9626994802915, -117.1024207197085
32.71392788029149, -117.1597137197085
32.7130036802915, -117.1306821197085
32.7472519802915, -117.1007223197085
32.7160064802915, -117.1651566197085
32.8112090802915, -117.1304268197085
32.7647923802915, -117.0629554197085
32.7275400302915, -117.1692105697085
32.54939608029149, -117.0352621197085
32.9250686802915, -117.0229888197085
32.7544590802915, -117.2470126197085
33.0181561802915, -117.0752418197085
32.70768968029149, -117.1388645197085
32.7160527802915, -117.1525036197085
32.73279718029149, -117.1479108197085
32.7548651802915, -117.2041111197085
32.9484306802915, -117.0945923197085
32.9481055802915, -117.1359734197085
32.76782988029149, -117.0858245197085
32.7413328802915, -117.1571663197085
32.7544823802915, -117.0581930197085
32.7490755802915, -117.2489821197085
32.7421680802915, -117.1579305197085
32.7546731802915, -117.1197682197085
32.7109889802915, -117.1524410197085
32.7328881802915, -117.0528817197085
32.54767328029151, -117.0390347197085
33.0242731802915, -117.0730612197085
32.90596248029151, -117.1895886197085
32.89432498029149, -117.1496157197085
32.7544585802915, -117.2019215197085
32.55220508029149, -117.0446443197085
32.7683133802915, -117.1975840197085
32.67808858029149, -117.0642978197085
32.71397708029149, -117.1490165197085
32.7118133802915, -117.1480953197085
32.74975828029149, -117.0819630197085
32.7047183802915, -117.0415536197085
32.9365423802915, -117.2376180197085
32.5743909802915, -117.0521112197085
32.7243263802915, -117.1651672197085
32.7506565802915, -117.2423798197085
33.0030593802915, -117.0640139197085
32.7118133802915, -117.1480864197085
32.7170977802915, -117.1606297197085
32.7942492802915, -117.0981687197085
32.71187718029149, -117.1388891197085
32.70768968029149, -117.1388645197085
32.71891868029149, -117.1495053197085
32.55583238029149, -117.0829336197085
32.5616490802915, -116.9370090197085
32.8305008802915, -117.1188840197085
32.7464877802915, -117.1581927197085
32.7605384802915, -117.1165138197085
32.73337198029149, -117.1448456197085
32.9717177802915, -117.1771902197085
32.71392788029149, -117.1597137197085
32.70762758029149, -117.1453651197085
32.7415962802915, -117.1410041197085
32.7627372802915, -117.0811879197085
32.9439945802915, -117.2394177197085
32.69309268029149, -117.1011675197085
32.71392788029149, -117.1597137197085
32.7434546802915, -117.1675520197085
32.7151859802915, -117.1547260197085
32.81116468029151, -117.1331257197085
32.8843527, -116.9726376
32.75456588029149, -117.1037092197085
32.7182761802915, -117.1615684197085
32.7602182802915, -117.1050384197085
32.75677158029149, -117.1245739197085
32.7230578802915, -117.0811660197085
32.70868198029149, -117.1474686197085
32.6937860802915, -117.0631512197085
32.7813103802915, -117.1090695197085
32.7257287802915, -117.2280658197085
32.5536044802915, -117.0432208197085
32.7755521802915, -117.0964019197085
32.9149416802915, -117.1509143197085
32.8359513802915, -117.1721476197085
32.7421403802915, -117.1608356197085
32.7099607802915, -117.1524718197085
32.9853054802915, -117.0880790197085
32.9137859802915, -117.1547940197085
32.75657468029149, -117.0988270197085
32.8098743802915, -117.1585673197085
32.8070118802915, -117.2354041197085
32.7513317802915, -117.1595497197085
32.83323378029149, -117.1274076197085
32.7176034802915, -117.1620128197085
32.7666152802915, -117.0596606197085
32.92554518029149, -117.1037251197085
32.79490888029149, -117.1440206197085
32.7707555302915, -117.0547218697085
32.9185907802915, -117.1234073197085
32.7275011802915, -117.1625492197085
32.7170977802915, -117.1606297197085
32.7863511802915, -117.0964082197085
32.7512407802915, -117.1591083197085
32.7573085802915, -117.1710221197085
32.70768968029149, -117.1388645197085
32.8337537802915, -117.1354904197085
33.114249, -116.90816
32.71732653029149, -117.1503406197085
32.84256928029149, -117.2221930197085
32.7517792802915, -117.1374629197085
32.71732653029149, -117.1503406197085
32.7554349802915, -117.1238804197085
32.7213361802915, -117.1590154197085
32.7233081802915, -117.1634186197085
32.7554138802915, -117.1325184197085
32.7274103802915, -117.1016203197085
32.7390016802915, -117.1598965197085
32.8136747802915, -117.1516259197085
32.6932007802915, -117.1231822197085
32.7426743802915, -117.1449322197085
32.7773557802915, -117.1385979197085
32.7207502802915, -117.1084432197085
32.75160098029149, -117.2154369197085
32.7955735802915, -117.1937139197085
33.03411568029151, -117.0884596197085
32.5596791802915, -117.0658365197085
32.9500083802915, -117.2461147197085
32.7254310802915, -117.1588902197085
32.75629638029151, -117.0876579197085
32.7452893802915, -117.1354608197085
32.7581589802915, -117.0855121197085
32.79849338029151, -117.2426066197085
32.8010664802915, -117.0903309197085
32.74886528029151, -117.2175969197085
32.83575098029149, -117.1857304197085
32.7562571802915, -117.0844332197085
32.8289869802915, -117.2047043197085
32.7079075802915, -117.1501739197085
32.7435424802915, -117.1032020197085
32.78091988029149, -117.1031084197085
32.7109391802915, -117.1455876197085
32.7055339802915, -117.0869124197085
32.79270928029151, -117.2505678197085
32.72125708029149, -117.1570215197085
32.6984538802915, -117.1346102197085
32.7149812802915, -117.1560604197085
32.68714878029149, -117.1045607197085
32.7455422802915, -117.1862236197085
32.72229368029149, -117.1570370197085
32.7098435802915, -117.1324788197085
32.7456111802915, -117.0852103197085
32.7027272802915, -117.1131831197085
32.9260376802915, -117.0891976197085
32.96369188029149, -117.1889455197085
32.7314064802915, -117.1706503197085
32.8342155802915, -117.2456402197085
32.7601559802915, -117.0712833197085
32.78371608029151, -117.0984269197085
32.7513284802915, -117.1602911197085
32.74332718029149, -117.1258113197085
32.7500233802915, -117.1497236197085
32.5852567802915, -117.0935014197085
32.7238071802915, -117.1420203197085
32.58715318029149, -117.0913454197085
32.7545508802915, -117.0847357197085
32.7201988802915, -117.1588294197085
32.9500083802915, -117.2461147197085
32.7079075802915, -117.1501739197085
32.8395731802915, -117.1769399197085
32.8985919802915, -117.1410155197085
32.75134938029149, -117.1591112197085
32.7380446802915, -117.0799033197085
32.58218248029149, -117.0324020197085
32.71938058029149, -117.1559260197085
32.75657468029149, -117.0988270197085
32.75717588029149, -117.2191833197085
32.7720595802915, -117.1535881197085
32.7503177802915, -117.1647984197085
32.7844272802915, -117.0849434197085
32.7472519802915, -117.1007223197085
32.8231738802915, -117.1430503197085
32.7938188802915, -117.0654606197085
32.7313029802915, -117.0929511197085
32.7645114802915, -117.1033209197085
32.5521439802915, -117.0352639197085
32.7329109802915, -117.1694362197085
32.5691593, -117.0651874697085
32.7575915802915, -117.0941964197085
32.7575915802915, -117.0941964197085
45.5235569802915, -122.9849791197085
32.7720552802915, -117.1461955197085
32.7666650802915, -117.1956855197085
32.75686888029149, -117.1855446197085
32.74821488029149, -117.2497138197085
32.58578248029149, -117.0595480197085
32.82911918029149, -117.2047006197085
32.7699412802915, -117.1925025197085
32.8217797802915, -117.2641281197085
32.76894748029149, -117.0478897197085
32.8311204802915, -117.2779317197085
32.7707381802915, -117.1688391197085
32.7509038802915, -117.0920075197085
32.75150248029149, -117.1560933197085
32.75629638029151, -117.0876579197085
32.7051307802915, -117.1462748197085
32.7566231802915, -117.2214061197085
32.8267971802915, -117.2119357197085
32.6972808802915, -117.0277995197085
32.8071900802915, -117.1274402197085
32.72897588029149, -117.1677042197085
32.8975588802915, -117.1920001197085
32.8337537802915, -117.1354904197085
32.77552298029149, -117.2490559197085
32.7695057802915, -117.0693158197085
32.6977524802915, -117.1395114197085
45.5235569802915, -122.9849791197085
32.7979612802915, -117.2267702197085
32.8159319802915, -117.2150210197085
32.7254239802915, -117.1597991197085
32.75447768029149, -117.2019185197085
32.7646820802915, -117.1138249197085
32.75131948029149, -117.1614278197085
32.7433369802915, -117.1204361197085
32.8108814802915, -117.1151811197085
32.75848448029149, -117.1058387197085
32.75926408029151, -117.0779145197085
32.7671616802915, -117.1308823197085
32.78454498029151, -117.0970158197085
32.7453221802915, -117.0910049197085
32.7647923802915, -117.0629554197085
32.74821488029149, -117.2497138197085
32.7453963802915, -117.1009250197085
32.57307958029149, -117.0334600197085
32.76048378029149, -117.1094425197085
33.0189258802915, -117.0946798197085
32.7251095802915, -117.1053133197085
32.7623355802915, -117.1375646197085
32.5642156802915, -117.0740947197085
32.7307208802915, -117.1569136197085
32.7544471802915, -117.0898120197085
32.7044312802915, -117.1138511197085
32.7109069802915, -117.1581390197085
32.7809085802915, -117.1439582197085
32.7566061802915, -117.1058419197085
32.54939608029149, -117.0352621197085
32.5466519302915, -117.0292626697085
32.77167858029151, -117.1869516197085
32.7366061802915, -117.1717501197085
32.75587258029149, -117.1644584697085
32.71633558029149, -117.1601346197085
32.8713817802915, -117.2186334197085
32.5560599302915, -117.0424939197085
32.82827748029151, -117.1890217197085
32.71301648029149, -117.1531444197085
32.7109706802915, -117.0959291197085
32.7565842802915, -117.1313017197085
32.74349368029149, -117.0920468197085
32.74349608029151, -117.1354612197085
32.7566133802915, -117.2214144197085
32.9145230802915, -117.1308601197085
32.8678737802915, -117.2238643197085
32.9297930802915, -117.1395169197085
32.70762758029149, -117.1453744197085
32.70764258029149, -117.1505429197085
32.74960678029149, -117.1602765197085
32.75990108029149, -117.2007216197085
32.7566133802915, -117.2214144197085
32.7955565802915, -117.2041295197085
32.89859208029149, -117.1455151197085
32.75659158029149, -117.0485786197085
32.5861759802915, -117.0904110197085
32.7040603802915, -117.0474724197085
32.7193838802915, -117.1603735697085
32.8218391802915, -117.1784984197085
32.7076375802915, -117.1426186197085
32.7904571802915, -117.1673582197085
32.83945508029149, -117.1927278197085
32.79628178029149, -117.2534941197085
32.7654854802915, -117.1941234197085
32.7946044802915, -117.1541707197085
32.54860788029149, -117.0310590197085
32.7108795802915, -117.1288506197085
32.81169398029149, -117.1203006197085
32.7139221802915, -117.1587995197085
32.75188448029149, -117.1545668197085
33.0272700802915, -117.0868778197085
32.7490531802915, -117.0941732197085
32.8068760802915, -117.2314588197085
32.7691456802915, -117.0783965197085
32.7554410802915, -117.1263658197085
32.81193208029149, -117.2122254197085
32.58218248029149, -117.0324020197085
32.7112316802915, -117.0626085197085
32.76026538029149, -117.0915502197085
32.9272344802915, -117.0245742197085
32.72225168029149, -117.1634198197085
32.6967162802915, -117.0923816197085
32.7118266802915, -117.0857706197085
32.56712958029149, -117.0440423197085
32.7509578802915, -117.1914143197085
32.69889118029151, -117.0244830197085
32.7640096, -116.8794605
32.7904571802915, -117.1673582197085
32.6656068802915, -117.0587687197085
32.7171865802915, -117.1562172197085
32.7451539802915, -117.1247411197085
33.10305238029149, -116.9999503197085
32.82448678029149, -117.1832750197085
32.7379408802915, -117.0786399197085
32.55333048029149, -116.9432686197085
32.74740698029149, -117.1167624197085
32.7498390802915, -117.1538416197085
32.7171136802915, -117.1624471197085
32.9593041802915, -117.1201667197085
32.7446928802915, -117.1602044197085
32.72075718029149, -117.1368727197085
32.78582258029149, -117.1652906197085
32.7401630802915, -117.0576295197085
32.8695555802915, -117.2131015197085
32.7096827802915, -117.1569366197085
32.7424834802915, -117.1478636197085
32.5632193802915, -117.0530199197085
32.7516821802915, -117.1325137197085
33.03310108029149, -117.0876358197085
32.8024835802915, -117.1363648197085
32.8349598802915, -117.1933704197085
32.7509578802915, -117.1914143197085
32.75624018029149, -117.0800380197085
32.662162, -117.0838212
32.7663338802915, -117.1562676197085
32.7585422802915, -117.1138913197085
32.71822368029149, -117.1368444197085
32.8783914802915, -117.2148778197085
32.71917808029149, -117.1533872197085
32.7522801802915, -117.2307178197085
32.5691593, -117.0651874697085
32.7284247802915, -117.0788165197085
32.7087895802915, -117.1505563197085
32.9634228802915, -117.2493723197085
32.9001682802915, -117.1782375197085
32.76541708029149, -117.0967144197085
32.74960678029149, -117.1602765197085
32.8318430802915, -117.2778577197085
32.71528508029149, -117.1411144197085
32.7277267802915, -117.1680887197085
32.5691593, -117.0651874697085
32.92934108029149, -117.1615930197085
32.58158768029149, -117.0029009197085
32.7025004802915, -117.1404757197085
32.7550913802915, -117.1728043197085
32.7947691802915, -117.1922574197085
32.9170686802915, -117.1393079197085
32.86309368029149, -117.2219868197085
32.8008513802915, -117.2452875197085
32.7290531802915, -117.1519384197085
32.8360260802915, -117.1792742197085
32.7222476802915, -117.1642720197085
32.7386181802915, -117.2123402197085
32.75170458029151, -117.1313008197085
32.7170977802915, -117.1606297197085
32.7994083802915, -117.1494508197085
32.7561496802915, -117.2186560197085
32.90271068029149, -117.1172752197085
32.70763588029151, -117.1520841197085
32.7139203802915, -117.1569660197085
32.7546153, -117.1558867
32.7671341802915, -117.1325480197085
32.83497928029149, -117.2307329197085
32.91056638029149, -117.1331632197085
32.5665753802915, -117.0335070197085
32.7299628802915, -117.1282184197085
32.77954578029149, -117.1597894197085
32.7512157802915, -117.1001732197085
32.7647923802915, -117.0629554197085
32.7199945802915, -117.0922097197085
32.73279718029149, -117.1479108197085
32.7181345802915, -117.1633987197085
32.71092588029151, -117.1367570197085
32.71288988029149, -117.1525331197085
32.91928928029149, -117.2258057197085
32.79990778029149, -117.1547976197085
32.75464978029149, -117.1144526197085
32.91928928029149, -117.2258057197085
32.70253178029151, -117.1303016197085
32.71088458029149, -117.0653982197085
32.7114697802915, -117.0934781197085
32.80492628029151, -117.1124293197085
32.7231475, -117.1552729697085
45.5235569802915, -122.9849791197085
32.7329240802915, -117.1066780197085
32.6952111802915, -117.0763149197085
32.7055339802915, -117.0869124197085
32.7042775802915, -117.1331910197085
32.7212335802915, -117.1615746197085
32.75301228029149, -117.2426304197085
32.7492162802915, -117.1117970197085
32.71731168029149, -117.1613586197085
32.78118428029151, -117.1286736197085
32.78454498029151, -117.0970158197085
32.7602237802915, -117.1060577197085
32.73670368029151, -117.1764502197085
33.0008065802915, -117.0556586197085
32.7166311802915, -117.1545436197085
32.70679788029151, -117.1505206197085
32.7515116802915, -117.1494565197085
45.5235569802915, -122.9849791197085
45.5235569802915, -122.9849791197085
32.70432728029149, -117.0981390197085
32.7446928802915, -117.1602044197085
32.7566399802915, -117.1122715197085
32.8274365802915, -117.1812093197085
32.8150999802915, -117.1805210197085
32.8121914802915, -117.2659191197085
32.7873489802915, -117.2049966197085
33.0172376802915, -117.1447998197085
32.79648358029149, -117.2517603197085
32.7638260802915, -117.1424452197085
32.71732653029149, -117.1503406197085
32.7642383802915, -117.1300903197085
32.90863828029149, -117.1228967197085
32.7472096802915, -117.0780831197085
32.7228015802915, -117.1383048197085
32.7955626802915, -117.2417094197085
32.6853089802915, -117.1064090197085
32.7191435802915, -117.1569996197085
32.7646820802915, -117.1138249197085
32.7666152802915, -117.0596606197085
32.7605384802915, -117.1165138197085
32.7566399802915, -117.1122715197085
32.70392828029149, -117.0590338197085
32.7648993802915, -117.1938634197085
32.90863828029149, -117.1228967197085
32.7171258802915, -117.1678724197085
32.7559545802915, -117.2158734197085
32.8364406802915, -117.2706939197085
32.73167498029149, -117.1625777197085
32.54981598029151, -116.9727531197085
32.7586933802915, -117.1451210197085
32.7087636802915, -117.0922991197085
32.7283882802915, -117.1525406197085
32.8256774802915, -117.0990826197085
32.7193857802915, -117.1600469697085
32.54939608029149, -117.0352621197085
32.9047326802915, -117.1532260197085
32.7631312802915, -117.1589246197085
32.73279718029149, -117.1479108197085
32.8233310802915, -117.2038379197085
32.7128798802915, -117.1597086197085
32.7377152802915, -117.2161367197085
32.7586933802915, -117.1451210197085
32.7703138802915, -117.0479294197085
32.7701296802915, -117.0434772197085
32.7222476802915, -117.1642720197085
32.7066050802915, -117.0219351197085
45.5235569802915, -122.9849791197085
32.74891978029149, -117.1972612197085
33.0059048802915, -117.0877803197085
32.8027396802915, -117.2458431197085
32.7069253802915, -117.1555398197085
32.8536462802915, -117.2026420197085
32.5466519302915, -117.0292626697085
32.71924938029149, -117.1411385197085
33.0065776802915, -117.0908292197085
32.7185114802915, -117.0283517197085
32.7700378802915, -117.1590547197085
32.7527860802915, -117.1006421197085
32.79431108029149, -117.0962657197085
32.7333089802915, -117.2072310197085
32.5695905802915, -117.0731923197085
32.9651302802915, -117.1276398197085
32.7803555802915, -117.1256975197085
32.7535916802915, -117.1263584197085
32.6998468802915, -117.1346856197085
32.7151953802915, -117.1368399197085
32.76028023029149, -117.2384310697085
32.7730632802915, -117.2006905197085
32.7372956802915, -117.0826206197085
32.8951324802915, -117.1296508197085
32.7510024802915, -117.2499912197085
32.7289408802915, -117.1288136197085
33.03939898029149, -117.0896960197085
32.7603666802915, -117.0782782197085
32.77011278029149, -117.0789490197085
32.83287968029151, -117.1371131197085
32.7118133802915, -117.1480953197085
32.7626022802915, -117.0799790197085
32.8252154802915, -117.1785841197085
32.7528271802915, -117.2036119197085
32.70679788029151, -117.1505206197085
32.7707381802915, -117.1688391197085
32.72037298029149, -117.1261639197085
32.7694307802915, -117.1525919197085
32.7238071802915, -117.1420203197085
32.8006164802915, -117.1351268197085
32.7614253802915, -117.1846302197085
32.74018108029149, -117.2513353197085
45.5235569802915, -122.9849791197085
32.7130459802915, -117.1590710197085
32.8067293802915, -117.2549426197085
32.70768968029149, -117.1388645197085
32.7108478802915, -117.1534592197085
32.7107316802915, -117.1605856197085
32.7597179, -117.0963242
32.7077047802915, -117.1367531197085
32.73534883029149, -117.1767799697085
32.73534883029149, -117.1767799697085
32.7566453802915, -117.1144384197085
32.95520508029149, -117.2328254197085
32.8414417802915, -117.2485090197085
32.7946701802915, -117.1529872197085
32.69309268029149, -117.1011675197085
32.75926408029151, -117.0779145197085
32.67069268029149, -117.0485327197085
32.8814417802915, -117.2456351197085
32.74481958029151, -117.0702186197085
32.7512468802915, -117.1691371197085
32.7670384802915, -117.0875657197085
32.77167858029151, -117.1869516197085
32.71501268029149, -117.1524943197085
32.7314081802915, -117.1706450197085
32.7149805802915, -117.1542409197085
32.75099178029149, -117.1031250197085
32.8404698302915, -117.2798811697085
32.8783914802915, -117.2148778197085
32.8337537802915, -117.1354904197085
32.9509764802915, -117.2346242197085
32.7512157802915, -117.1001732197085
33.01484518029149, -117.1382270197085
32.7567578802915, -117.1251374197085
32.7483098802915, -117.1590559197085
32.7400372802915, -117.1626376197085
32.7087636802915, -117.0922991197085
32.7487053802915, -117.1296469197085
33.1391058802915, -117.1757553197085
32.7754890802915, -117.1580395197085
32.7899990802915, -117.1112031197085
32.7689920802915, -117.0456086197085
32.7654556802915, -117.2249159197085
32.7467118802915, -117.1411499197085
32.79400828029149, -117.1550093197085
32.8912077302915, -117.2498507697085
32.92368413029149, -117.1168962197085
32.7378946802915, -117.1717728197085
32.5797103802915, -117.0957269197085
32.75990108029149, -117.2007216197085
32.7570093302915, -117.1204443197085
32.7545498802915, -117.1018553197085
32.7172809802915, -117.0650963197085
32.5563414802915, -116.9587943197085
32.8311946802915, -117.2001796197085
32.7487633802915, -117.1258150197085
32.7575915802915, -117.0941964197085
32.7499879802915, -117.1558904197085
32.8702224802915, -117.2026017197085
32.8218857802915, -117.1710800197085
32.7256289802915, -117.0784013197085
32.7099699802915, -117.0814971197085
32.5616490802915, -116.9370090197085
32.7513317802915, -117.1595497197085
32.5754573802915, -117.0447072197085
32.7623262802915, -117.1384302197085
32.5865574802915, -117.0526496197085
32.81424758029149, -117.2142186197085
32.54939608029149, -117.0352621197085
32.77324608029149, -117.1388648197085
32.5619272802915, -116.9611261197085
32.6835353802915, -117.0324922197085
32.8237462802915, -117.1261066197085
32.7811642802915, -117.1288576197085
32.75710978029149, -117.1321244197085
32.7076528802915, -117.1505440197085
32.7531270802915, -117.2030556197085
32.85031178029149, -117.2611552197085
32.79198958029149, -117.1534881197085
32.9484306802915, -117.0945923197085
33.01484518029149, -117.1382270197085
32.5637028802915, -117.0507125197085
32.7607480802915, -117.1749930197085
32.7103339802915, -117.0609808197085
32.7946701802915, -117.1529872197085
32.8112090802915, -117.1304268197085
32.9391379802915, -117.2319754197085
32.56948038029149, -116.9955167197085
32.8337537802915, -117.1354904197085
32.71182208029151, -117.1505533197085
32.7528624802915, -117.1080756197085
32.90463958029151, -117.1478045197085
32.7107540802915, -117.0232017197085
32.9439945802915, -117.2394177197085
32.7063079802915, -117.1479230197085
32.8442719802915, -117.2688795197085
32.78843558029149, -117.1772327197085
32.7623719802915, -117.1225990197085
32.7513317802915, -117.1595497197085
32.6989257802915, -117.1301733197085
32.96380338029149, -117.1713783197085
32.6837051802915, -117.0663257197085
32.74540758029149, -117.0964216197085
32.7467118802915, -117.1411499197085
32.8698430802915, -117.2341336197085
32.76381558029149, -117.1462051197085
45.5235569802915, -122.9849791197085
32.7448940802915, -117.2081290197085
32.82514198029151, -117.1817435197085
32.7783295802915, -117.1965920197085
32.5581121802915, -116.9347042197085
32.58218248029149, -117.0324020197085
32.7112316802915, -117.0626085197085
32.74480663029149, -117.1618053197085
32.7127462802915, -117.0644340197085
32.90308588029149, -117.2004813197085
32.8121914802915, -117.2659191197085
32.7124543802915, -117.0629150197085
32.7124543802915, -117.0629150197085
32.90308588029149, -117.2004813197085
32.7129724802915, -117.0841119197085
32.8136747802915, -117.1516259197085
32.7490797802915, -117.0952582197085
32.7469463802915, -117.2455024197085
32.7574115802915, -117.0908569197085
32.7107711802915, -117.1541972197085
32.71290668029151, -117.1480994197085
32.7041084802915, -117.1389197197085
32.7707381802915, -117.1688391197085
32.7070704802915, -117.1490008197085
32.79282828029149, -117.1944512197085
32.8343873802915, -117.1629427197085
32.71289608029149, -117.1108173197085
32.8360492802915, -117.1257580197085
32.7338469802915, -117.2546170197085
32.9559155802915, -117.2403510197085
32.7306353802915, -117.1569062197085
32.75088548029149, -117.0898698197085
32.77254338029151, -117.1957290197085
32.71397708029149, -117.1490165197085
32.8337537802915, -117.1354904197085
32.8435569802915, -117.2509524197085
32.70636288029149, -117.0856518197085
32.7513284802915, -117.1602911197085
32.7575915802915, -117.0941964197085
32.91898378029151, -117.1168604197085
45.5235569802915, -122.9849791197085
32.77954578029149, -117.1597894197085
32.9268606802915, -117.1058692197085
32.67069268029149, -117.0485327197085
32.71732653029149, -117.1503406197085
32.7364707802915, -117.2287980197085
32.75435128029149, -117.2036701197085
32.7160412802915, -117.1551484197085
32.74990838029149, -117.1310274197085
32.7160500802915, -117.1506249197085
32.7435122802915, -117.0985616197085
32.7357375802915, -117.0997584197085
32.8107583802915, -117.1655444197085
32.8699529802915, -117.2327767197085
32.7182761802915, -117.1615684197085
32.74978438029149, -117.1498992197085
32.7537475802915, -117.0654203197085
32.7707381802915, -117.1688391197085
32.7604283802915, -117.1486790197085
32.7390064802915, -117.1589942197085
32.7707555302915, -117.0547218697085
32.7602353802915, -117.1069742197085
32.7366488802915, -117.1097221197085
32.8070118802915, -117.2354041197085
32.70259408029151, -117.0804012197085
32.9543077802915, -117.1286744197085
32.8391592802915, -117.1947052197085
32.8391592802915, -117.1947052197085
32.78428668029149, -117.2484737197085
32.7108804802915, -117.1223268197085
32.75329378029149, -117.2039962197085
32.80296948029149, -117.2537409197085
45.5235569802915, -122.9849791197085
32.7446925802915, -117.1583869197085
32.7700743802915, -117.0412798197085
32.89842028029151, -117.1255848197085
32.8008310802915, -117.1940371197085
32.74959988029149, -117.1614047197085
32.74959988029149, -117.1614047197085
32.77795038029149, -117.0572548197085
32.5559349802915, -117.0484433197085
32.5691593, -117.0651874697085
32.7254167802915, -117.1581040197085
32.7171037802915, -117.1551613197085
32.7340137802915, -117.1591080197085
32.8238059802915, -117.2534851197085
32.76166258029149, -117.1751825197085
32.80437188029151, -117.1308390197085
32.8291766802915, -117.1819344197085
32.7299179802915, -117.2319500197085
32.7018040802915, -117.0892698197085
32.7417507802915, -117.1165590197085
32.7077523802915, -117.1281925197085
32.7107307802915, -117.1578454197085
32.7684220802915, -117.1921387197085
32.7068638302915, -117.1385995197085
32.7257718802915, -117.1672391197085
32.71732653029149, -117.1503406197085
32.7542249802915, -117.2173780197085
32.7471950802915, -117.2479901197085
32.5930011, -117.0742437697085
32.7568406302915, -117.0999843697085
32.7578713802915, -117.0876235197085
32.56837968029149, -117.0212951
32.70738498029151, -117.0869036197085
32.5677554802915, -117.0201351197085
32.6952774802915, -117.0383593197085
32.66300218029149, -117.1014824197085
32.9627579802915, -117.1549170197085
32.7943756802915, -117.1081107197085
32.8108814802915, -117.1151811197085
32.73644678029149, -117.1035821197085
32.7047183802915, -117.0415536197085
32.7569769802915, -117.1288527197085
32.7478056802915, -117.0822739197085
32.7544585802915, -117.2019215197085
32.75682468029149, -117.1399540197085
32.7281267802915, -117.2305312197085
32.7067192802915, -117.1237544197085
32.55220508029149, -117.0446443197085
32.8185997802915, -117.1795728197085
32.7169549802915, -117.1522818197085
32.7648993802915, -117.1938634197085
32.72752998029149, -117.2310350197085
32.66300218029149, -117.1014824197085
32.75623028029151, -117.0781063197085
33.01484518029149, -117.1382270197085
32.75558248029151, -117.2037723197085
32.7079075802915, -117.1501739197085
32.72959478029149, -117.1625583197085
32.70210228029149, -117.1132939197085
32.7570661802915, -117.1995762197085
32.58536068029149, -117.0465221197085
32.7594500802915, -117.2091352197085
32.6941986802915, -117.1179926197085
32.8026140802915, -117.1750907197085
32.7513317802915, -117.1595497197085
32.7123078802915, -117.0332444197085
32.7455757802915, -117.1287348197085
32.74048278029149, -117.1784726197085
32.7128903802915, -117.1514683197085
32.8152267802915, -117.2682572197085
32.6993588802915, -117.0761189197085
32.7545182802915, -117.0984308197085
32.9033081802915, -117.1426940197085
32.77167858029151, -117.1869516197085
32.7567288802915, -117.1350195197085
32.9256687802915, -117.1232766197085
32.7088359802915, -117.0775653197085
32.9439945802915, -117.2394177197085
32.72591918029149, -117.1703259197085
32.8030011802915, -117.2400723197085
32.7131992802915, -117.1410938197085
32.73090938029151, -117.2377278197085
32.8461741802915, -117.2738922197085
32.7171483802915, -117.1696456197085
32.5868470802915, -117.0308620197085
32.7654854802915, -117.1941234197085
32.71617198029149, -117.1323424197085
32.74485858029149, -117.1412184197085
32.8699529802915, -117.2327767197085
32.7570661802915, -117.1995762197085
32.7507341802915, -117.0845029197085
32.5846257802915, -117.0650057197085
32.7553215802915, -117.2124638197085
32.70762398029149, -117.1471786197085
32.7151885802915, -117.1303464197085
32.86106908029149, -117.2062820197085
32.83223098029149, -117.1519081197085
32.86106908029149, -117.2062820197085
32.70768968029149, -117.1388645197085
32.70325538029149, -117.0783472197085
32.7560921802915, -117.0569605197085
32.78428668029149, -117.2484737197085
32.72096588029151, -117.1204005197085
32.7466336802915, -117.1289467197085
32.7164181802915, -117.0922543197085
32.70501548029149, -117.1499971197085
32.55837898029149, -116.9611300197085
32.9805025802915, -117.2054440197085
32.5466519302915, -117.0292626697085
32.83368928029149, -117.2771320197085
32.58218248029149, -117.0324020197085
32.7844611802915, -117.1182226197085
32.5547110802915, -116.9787847197085
32.75913248029149, -117.0780794197085
32.70044403029149, -117.1447124697085
32.7982677802915, -117.1406967197085
32.7379408802915, -117.0786399197085
32.7943160802915, -117.2432676197085
32.75587258029149, -117.1644584697085
32.7546496802915, -117.1133966197085
32.9185907802915, -117.1234073197085
32.7623474802915, -117.1193241197085
32.7160216802915, -117.1578912197085
32.7490755802915, -117.2489821197085
32.70661528029149, -117.1341257197085
32.7543898802915, -117.0822808197085
32.7715864802915, -117.2496515197085
32.7715864802915, -117.2496515197085
32.71523768029149, -117.0897518197085
32.7497735802915, -117.2245582197085
32.9789175802915, -117.0889919197085
32.71915548029151, -117.1561195197085
32.58038038029149, -117.0354383197085
32.84706928029149, -117.2555748197085
32.8108814802915, -117.1151811197085
32.6761394802915, -117.0580403197085
32.7034069802915, -117.1451526197085
32.86268638029149, -117.2207879197085
32.69523108029149, -117.1301990197085
32.7201813802915, -117.1625257197085
32.98187198029149, -117.0786039197085
32.75090558029149, -117.0887874197085
32.7570661802915, -117.1995762197085
32.7212704802915, -117.1627114197085
32.7255453802915, -117.1656119197085
32.81702858029149, -117.2693704197085
32.8559033802915, -117.2031065197085
32.7654854802915, -117.1941234197085
32.7224672802915, -117.1626464197085
32.8208629802915, -117.2022965197085
32.8092760802915, -117.2015655197085
32.7475122802915, -117.0736628197085
32.7581589802915, -117.0855121197085
32.8238599802915, -117.1752310197085
32.7826008802915, -117.1303118197085
32.5558061802915, -117.0432316197085
32.7056818802915, -117.0850912197085
32.5557637802915, -116.9346697197085
32.7379558802915, -117.1603792197085
32.70666088029149, -117.1238630197085
32.70724338029149, -117.0813087197085
32.74724558029151, -117.0941908197085
32.70762758029149, -117.1453744197085
32.7614253802915, -117.1846302197085
32.8448132802915, -117.2721598197085
32.91295178029149, -117.1979403197085
32.74959988029149, -117.1614047197085
32.5691593, -117.0651874697085
32.9738170802915, -117.1776626197085
32.7607399802915, -117.1756588197085
32.7664078802915, -117.2367749197085
32.6782237802915, -117.0680635197085
32.7823799802915, -117.0542992197085
32.71286678029149, -117.1051693197085
32.68853478029151, -117.0641702197085
32.8971639802915, -117.1335462197085
32.7181737802915, -117.1490807197085
32.8259655802915, -117.1446035197085
32.89003698029151, -117.1604491197085
32.71450968029149, -117.0612035197085
32.7546097802915, -117.2076894197085
32.9101137802915, -117.1717684197085
32.80162148029149, -117.1539820197085
32.7603233802915, -117.1080168197085
32.7172038802915, -117.1303815197085
32.7939503802915, -117.2541968197085
45.5235569802915, -122.9849791197085
32.5819858802915, -117.0981664197085
32.70768968029149, -117.1388645197085
32.7483566802915, -117.2496562197085
32.7607399802915, -117.1756588197085
32.70964628029149, -117.1453356197085
32.8934048802915, -117.1296548197085
32.70612798029151, -117.0299257197085
32.5536044802915, -117.0432208197085
32.93156328029149, -117.2067776197085
32.76262268029149, -117.0657189197085
32.75982868029149, -117.0735974197085
32.7180128802915, -117.1597482197085
32.5858219802915, -117.0919310197085
32.7346745802915, -117.0984228197085
32.7623174802915, -117.1168342197085
32.7054199802915, -117.0842413197085
32.76020648029149, -117.2321188197085
32.7139532802915, -117.1514824197085
32.8809173802915, -117.1601919197085
32.8015499802915, -117.2376420197085
32.7171037802915, -117.1551613197085
32.7164739802915, -117.1051944197085
32.7344745802915, -117.1089057197085
32.75101848029149, -117.2046328197085
32.5837926802915, -117.0467806197085
32.7566054802915, -117.2214210197085
32.70556588029149, -117.0923760197085
32.75078618029149, -117.1869776197085
32.88217958029149, -117.2168641197085
32.7910329802915, -117.2535720197085
32.89003698029151, -117.1604491197085
32.7456883802915, -117.2111651197085
32.5563826802915, -117.0392388197085
32.7049009802915, -117.0981115197085
32.78883398029151, -117.2530608197085
32.7244956802915, -117.1079717197085
32.8218391802915, -117.1784984197085
32.7397534802915, -117.0998379197085
32.8155375802915, -117.1778697197085
32.7670942802915, -117.1971624197085
32.7699370802915, -117.0522825197085
32.7139530802915, -117.1542502197085
32.8056357802915, -117.0367346197085
32.7638141802915, -117.1449264197085
32.7586958802915, -117.1387380197085
32.69373778029151, -117.0867813197085
32.7642493802915, -117.1288647197085
32.8030011802915, -117.2400723197085
32.7454145802915, -117.1031840197085
32.9247650302915, -117.0491818697085
32.7232915802915, -117.1678293197085
32.9200486, -117.0323305
32.7020590802915, -117.0539139197085
32.75097708029149, -117.0995696197085
32.7619433802915, -117.0608129197085
32.9374584802915, -117.2366412197085
32.56772848029149, -117.0914282197085
32.7347803802915, -117.0913373197085
32.7644347802915, -117.1449272197085
32.7255705802915, -117.0894371197085
32.81111868029149, -117.1393892197085
32.9468170802915, -117.1236357197085
32.6872009802915, -117.0614180197085
32.69523108029149, -117.1301990197085
32.9133765802915, -117.1477540197085
32.91197588029149, -117.1472832197085
32.7722529802915, -117.1615380197085
32.8152267802915, -117.2682572197085
32.91385518029149, -117.1478620197085
32.7685215802915, -117.1475449197085
32.7496113802915, -117.1590991197085
32.85594948029149, -117.2003254197085
32.7483122802915, -117.1570380197085
32.7454145802915, -117.1031840197085