,name,longitude,latitude,rating,calls
0,Balboa Park,-117.15315009999999,32.73450154,5.0,61
1,Civita Park,-117.147278,32.778315,4.5,34
2,Waterfront Park,-117.1724795,32.721952,4.5,95
3,Trolley Barn Park,-117.14378880000001,32.76246318,4.5,39
4,Bay View Park,-117.17896699999999,32.701785,5.0,0
5,Centrum Park,-117.1383972,32.82803726,3.5,59
6,Presidio Park,-117.195233,32.75671296,4.5,54
7,Kate O Sessions Memorial Park,-117.2398979,32.811316,4.5,14
8,Murray Ridge Neighborhood Park,-117.1480966,32.79131211,4.0,11
9,Olive Grove Park,-117.1715899,32.8274351,4.0,39
10,Lindbergh Neighborhood Park,-117.1628571,32.818649300000004,3.5,30
11,Mission Bay Park,-117.2100178,32.7898749,4.5,21
12,Torrey Hills Park,-117.22257820000002,32.91740319,4.5,9
13,Sunset Cliffs Natural Park,-117.25567,32.73344,5.0,11
14,Pioneer Park,-117.17708119999999,32.74980158,4.0,22
15,Cabrillo Heights Neighborhood Park,-117.148195,32.805591,3.5,34
16,Torrey Meadows Park,-117.1563668,32.96399071,5.0,11
17,Palisades Park,-117.2596208,32.80247293,4.5,61
18,Miramar Overlook Park,-117.102092,32.921110999999996,4.5,1
19,Lake Murray Community Park,-117.044199,32.791992,4.5,4
20,Grantville Neighborhood Park,-117.095375,32.787282,4.0,38
21,Hilltop Park and Recreation Center,-117.118854,32.970904,4.5,7
22,Liberty Station NTC Park,-117.21579550000001,32.73155209,4.5,29
23,Mount Etna Park,-117.191055,32.822281,4.5,14
24,Bird Park,-117.13362,32.741009999999996,4.0,40
25,Mission Heights Neighbourhood Park,-117.1651688,32.7751808,3.5,29
26,Morley Field Sports Complex,-117.13913400000001,32.738615,4.5,30
27,San Carlos Park,-117.0223312,32.797596,5.0,13
28,Calumet Park,-117.26903970000001,32.81040046,4.5,9
29,Linda Vista Community Park,-117.1703149,32.79211464,4.0,25
30,Mountain View Mini Park,-117.12163500000001,32.769042,4.5,19
31,Solana Ranch Park,-117.1928373,32.96658172,5.0,17
32,Mission Valley Off Leash Civita Dog Park,-117.1477757,32.78319927,4.0,5
33,Hoyt Park,-117.09892830000001,32.90505097,4.5,8
34,Heritage Park,-117.193149,32.753962,4.5,52
35,Princess Del Cerro Community Park,-117.06790919999999,32.78849216,4.5,12
36,4S Ranch Community Park,-117.11618259999999,33.0037918,5.0,0
37,Admiral Baker Park,-117.10166399999999,32.795281,3.5,28
38,Shelter Island Shoreline Park,-117.22811000000002,32.71262,4.5,2
39,Allied Gardens Community Park,-117.0795614,32.79573642,4.5,19
40,Scripps Ranch Recreation Center,-117.0797467,32.927614899999995,5.0,5
41,Mira Mesa Community Park,-117.1402689,32.91513437,4.0,30
42,Villa Monserate Park,-117.1072775,32.8357783,3.5,5
43,Harbor Island Park,-117.2090905,32.72516982,4.5,1
44,Golden Hill Park,-117.13725890000002,32.72076408,4.0,56
45,Los Penasquitos Canyon Preserve,-117.12766200000002,32.9371,4.0,6
46,Sri Chinmoy Peace Garden,-117.13680649999999,32.76300711,5.0,39
47,Villa La Jolla Park,-117.2345106,32.85964876,4.5,21
48,Lopez Ridge Park and Meeting Center,-117.168136,32.92084166,4.5,5
49,La Jolla Colony Private Park,-117.2277689,32.86192538,4.5,27
50,Torrey Pines State Reserve,-117.25931499999999,32.92695,4.5,1
51,Torrey Pines State Beach,-117.249569,32.916577000000004,4.5,0
52,Cabrillo National Monument,-117.239526,32.674889,4.5,1
53,Maple Canyon Trail,-117.16221029999998,32.73712585,4.0,93
54,Point Loma Tide Pools,-117.24435159999999,32.66803236,4.5,0
55,La Jolla Cove,-117.2728988,32.85045528,4.5,22
56,SDSU Centennial Plaza,-117.06983000000001,32.774630699999996,5.0,35
57,Mount Soledad National Veterans Memorial,-117.2446758,32.83981758,5.0,9
58,Scripps Coastal Reserve,-117.24551340000001,32.87667989,4.5,5
59,Black Mountain Open Space Park,-117.1263962,32.93907928,4.0,4
60,Air Force Recruiting Office,-117.11384,32.91633,4.5,39
61,Fort Rosecrans National Cemetery,-117.2451679,32.68875413,5.0,0
62,The Children's Park,-117.16685149999999,32.7105488,3.0,319
63,Tweet Street Park,-117.15658,32.72296,4.5,205
64,Balboa Park Kids Playground,-117.14958999999999,32.727193,4.0,28
65,Kellogg Park Children's Playground,-117.25718729999998,32.85623026,4.5,12
66,Embarcadero Marina Park North,-117.16949790000001,32.70859078,4.0,82
67,Sesame Street Bay of Play,-117.225125,32.76512458,4.5,13
68,Ward Canyon Neighborhood Park,-117.1105922,32.76283969,4.0,58
69,Children's Ethnobotany Garden,-117.15288290000001,32.721784899999996,4.0,209
70,Childrens Playground,-117.1340469,32.7217415,5.0,54
71,Sunset Park - San Marcos,-117.2112807,33.14645335,4.5,0
72,Sunset Park,-117.03771,32.782072,3.5,1
73,Sunset View Park,-116.962078,32.633144,4.5,0
74,Sunset Park,-117.6634369,33.46367645,4.0,0
75,Coronado Dog Beach,-117.192149,32.686493,4.5,0
76,Coronado Beach,-117.18442900000001,32.68398035,4.5,0
77,Centennial Park,-117.1720648,32.699272,4.5,0
78,Lake Murray,-117.042654,32.78600503,4.5,1
79,Grape Street Dog Park,-117.13386000000001,32.72653,4.5,25
80,Mission Trails Regional Park,-117.05601000000001,32.817955,4.5,6
81,Mission Trails Regional Park,-117.0789191,32.82559464,4.5,0
82,Cowles Mountain,-117.030556,32.813676,4.5,0
83,Fortuna Mountain,-117.078919,32.82559477,4.5,0
84,Old Mission Dam Trail,-117.0426976,32.83941166,4.0,0
85,Camp Elliot Trails,-117.0558997,32.817863800000005,4.0,7
86,Oak Canyon Trail,-117.04475159999998,32.84446126,4.5,0
87,Elfin Forest Recreational Reserve,-117.1454003,33.08640445,4.5,0
88,Pyle's Peak,-117.0381,32.80415,4.0,12
89,Iron Mountain,-116.972733,32.977494,4.5,0
90,Kwaay Paay Trail and Summit,-117.05601000000001,32.817954,4.5,6
91,Big Rock Park,-117.0187497,32.8311632,4.5,0
92,Mount Woodson Trail,-117.01487040000002,33.0071789,4.5,0
93,El Cajon Mountain Hiking Trail,-116.8845749,32.91259447,4.5,0
94,Goodan Ranch and Sycamore Canyon Open Space,-116.980512,32.94077932,3.5,0
95,East Fortuna Equestrian Staging Area,-117.02906440000001,32.846052,4.5,0
96,Potato Chip Rock,-116.97425859999998,33.00925533,4.5,0
97,Linda Vista Skate Park,-117.17121999999999,32.79258054,5.0,26
98,Edward Tyler Cramer Park,-117.1844337,32.77100125,3.0,19
99,Tecolote Canyon Natural Park & Nature Center,-117.1975108,32.77573983,4.0,29
100,Bay Park,-117.19277190000001,32.76789856,4.0,51
101,South Mission Beach,-117.2335587,32.79207611,4.0,57
102,Coastal Rail Trail,-117.2688892,32.98030915,4.5,0
103,Coronado Ferry Landing,-117.169648,32.698485,4.5,0
104,Little Italy,-117.1683,32.72298,4.5,188
105,Swamis Seaside Park,-117.29166409999998,33.0351982,4.0,0
106,Santee Lakes Recreation Preserve,-117.003941,32.846176,3.5,0
107,Fiesta Island,-117.21917350000001,32.77631797,4.5,3
108,Tecolote Youth Baseball,-117.203099,32.77218184,5.0,45
109,Western Hills Park,-117.19600520000002,32.7858149,3.5,20
110,South Clairemont Recreation Center & Community Park,-117.2000601,32.8049066,3.5,25
111,North City Youth Baseball League,-117.19176370000001,32.8230376,4.5,9
112,Ray's Tennis Shop,-117.15035,32.74893,4.0,116
113,Mission Bay Golf Course,-117.2160645,32.79885101,3.0,15
114,Cadman Park Leash-Free Area,-117.214257,32.820000300000004,3.5,10
115,Cadman Dog Park - Leash Free,-117.214156,32.82002918,4.0,10
116,Nate's Point Dog Park - Balboa Park,-117.1571001,32.731097,4.0,89
117,Mission Bay Boardwalk,-117.2098312,32.78967285,4.5,21
118,Rose Creek Trail,-117.2191697,32.80649811,4.0,35
119,"Gymboree Play & Music, San Diego",-117.1843455,32.822062100000004,4.5,51
120,Emerald City Realty,-117.1778199,32.8184483,4.5,67
121,Kearny Mesa Park,-117.16761509999998,32.79993802,3.0,11
122,Kearny Mesa Park & Recreation Center,-117.16761509999998,32.79993802,4.0,11
123,Kearny Mesa Dog Park,-117.1676213,32.8002162,3.5,11
124,Dusty Rhodes Park,-117.23867879999999,32.752204,4.0,66
125,Dog Park at Doyle Park,-117.21645339999999,32.86411712,3.0,30
126,Veteran's Park Dog Park,-117.115192,32.57870419,4.0,6
127,Wells Park Dog Park,-116.9423065,32.80003357,3.5,0
128,Admiral Robinson Recreation Centre,-117.1133845,32.67788621,4.0,8
129,Parkside Park,-117.0513645,32.66814779,2.5,10
130,Terrace Villas Apartments,-117.14267,32.745489899999995,4.0,74
131,Parkside Terrace,-117.15236999999999,32.71071,3.0,631
132,Lakeside Library,-116.92055500000001,32.8588,4.5,0
133,Fotility Photography & Videography,-117.13987,32.920590000000004,4.0,17
134,City of Lakeside,-116.93113729999999,32.85604547,1.0,0
135,Berry Street Park,-117.04494009999998,32.730924800000004,4.0,2
136,Pure Project - Balboa Park,-117.1601851,32.7351148,4.5,88
137,Level 9 Rooftop Bar,-117.15618,32.71092,4.0,741
138,Caff√® Calabria,-117.129792,32.749208,4.5,165
139,Louisiana Purchase,-117.13986499999999,32.74821,4.0,96
140,619 Spirits North Park,-117.1297898,32.750151,4.5,169
141,Bivouac Ciderworks,-117.13051000000002,32.75005,4.5,170
142,Half Door Brewing,-117.156272,32.710263,4.5,725
143,Polite Provisions,-117.13035420000001,32.76275226,4.5,48
144,Fernside,-117.12943,32.72635,4.5,35
145,Urbn - North Park,-117.12719299999999,32.748306,4.0,140
146,Flap Your Jacks,-117.129597,32.748689,4.5,153
147,Lamar Park,-117.00577390000001,32.73983583,1.5,0
148,One Door North,-117.13036000000001,32.7415499,4.0,65
149,StreetCar Merchants,-117.130401,32.750492,3.5,175
150,Myst Lounge,-117.16045,32.71331,4.5,598
151,Garibaldi,-117.17180400000001,32.716901,4.0,118
152,Dog Park At Rohr Park,-117.038036,32.664019,5.0,0
153,RustiCucina,-117.1461288,32.74751018,4.5,97
154,Kindred,-117.13006409999998,32.7214638,4.5,46
155,Sunnyslope Park,-117.0781598,32.5801774,1.0,28
156,The Villas At Camino Bernardo,-117.08608000000001,32.997994,3.0,11
157,El Norte Villas by ConAm Management,-117.10613000000001,33.14564,3.5,0
158,MG Properties Group,-117.21718999999999,32.895919899999996,2.0,2
159,"Associa | NN Jaeschke, Inc. | San Diego",-117.1821143,32.9042976,2.0,7
160,Birch Aquarium,-117.25063999999999,32.865815000000005,4.0,6
161,North Park Community Park,-117.1340879,32.75262899,3.0,173
162,North Park,-117.13113229999999,32.7404498,4.5,47
163,North Park Optometry,-117.128401,32.74856605,4.5,154
164,North Park Massage,-117.12981699999999,32.749664,4.5,166
165,Nobel Athletic Fields & Recreation Center,-117.199262,32.867051000000004,4.0,11
166,Inez Grant Parker Memorial Rose Garden,-117.14548319999999,32.73147656,5.0,22
167,Chicano Park,-117.14178999999999,32.698370000000004,4.5,100
168,Colina Del Sol Park & Rec Center,-117.08035590000001,32.7529087,3.5,128
169,Colina Park Golf Course,-117.08342739999999,32.7510376,4.5,149
170,Colina del Sol Pool,-117.07880800000001,32.752564,4.0,111
171,Presidio Hills Golf Course,-117.196417,32.756849,3.0,70
172,City of San Diego,-117.16262009999998,32.716951,4.0,527
173,Chollas Lake Park,-117.0605608,32.73733996,4.0,9
174,Charles Lewis III Memorial Park,-117.0943659,32.73361602,4.0,33
175,Lake Miramar,-117.09944399999999,32.91362555,4.5,2
176,San Diego School of Survival,-117.1586055,32.881496899999995,5.0,6
177,Memorial Skate Park,-117.1296613,32.698942200000005,3.5,68
178,Memorial Park,-117.0808105,32.63852692,2.5,3
179,War Memorial Building,-117.1479077,32.73880124,4.0,39
180,Memorial Park,-117.87838700000002,33.71905686,3.5,0
181,El Camino Memorial Park,-117.18441999999999,32.89355,3.5,8
182,Greenwood Memorial Park & Mortuary,-117.10308149999999,32.7059012,4.5,34
183,Burial At Sea San Diego,-117.20557020000001,32.7256718,5.0,1
184,Burials At Sea,-117.19822690000001,32.727211,5.0,0
185,Vintage Soul Charters,-117.22673999999999,32.72477,5.0,37
186,San Diego Burial At Sea,-117.22200890000002,32.719324,5.0,4
187,Casket Gallery Showrooms,-117.09063959999999,32.7820714,5.0,24
188,Rose Canyon Open Space Park,-117.21250400000001,32.859997,4.0,24
189,Cortez Cremations and Funeral Services,-117.1636337,32.72805301,5.0,144
190,Mount Hope Cemetery,-117.11485929999999,32.7113899,4.5,54
191,Ashes On The Sea,-117.1704788,32.78287125,4.5,29
192,Balboa Cremation Services,-117.13042970000001,32.76212460000001,5.0,89
193,Encanto Recreation Center,-117.05796370000002,32.71472564,3.5,39
194,Encanto Park,-117.9380608,34.14290669,4.5,0
195,Radio Drive Canyon,-117.07276110000001,32.7100593,5.0,30
196,El Toyon Park,-117.0876372,32.6851995,3.0,4
197,Fiesta Island Off Leash Dog Park,-117.21639180000001,32.77165122,4.5,2
198,Encanto Veterans of Foreign Wars 6874,-117.0501,32.7401,4.0,22
199,Marcy Park,-117.22324499999999,32.847289,4.5,10
200,Gershwin Neighborhood Park,-117.211569,32.834965999999994,3.5,18
201,Aaron Bowen,-117.16431000000001,32.7211,5.0,336
202,San Dieguito County Park,-117.2380967,32.9960741,4.5,0
203,Lyceum Theatre,-117.1618841,32.71459249,4.0,574
204,San Diego Symphony,-117.15789,32.718059999999994,4.0,543
205,The Old Globe,-117.1522108,32.73216871,4.5,64
206,Summer Pops,-117.1631942,32.70540189,4.0,160
207,North Coast Repertory Theatre,-117.25209440000002,32.995421,5.0,0
208,The Shout! House,-117.1609251,32.7121288,4.0,591
209,Macdowell Neighborhood Park,-117.17497250000001,32.839832300000005,3.5,17
210,Serra Mesa Recreation Center,-117.13303470000001,32.80509489999999,3.0,39
211,Pacific Beach,-117.25568899999999,32.796636,4.0,142
212,La Jolla Shores,-117.2576412,32.85695472,4.5,11
213,Ocean Beach Volleyball Courts,-117.2516017,32.75252536,5.0,92
214,Black's Beach,-117.2507594,32.87737993,4.5,5
215,Ocean Beach,-117.23680130000001,32.75341538,4.0,59
216,Mission Point Park,-117.24592949999999,32.76116574,4.0,18
217,Mission Beach,-117.25206899999999,32.768777,4.5,50
218,Just Kayak,-117.2481301,32.7917517,5.0,132
219,Windansea Beach,-117.2804747,32.83012039,4.5,15
220,Pacific Beach Recreation Center,-117.2452893,32.8016093,3.5,106
221,Electra Bike Forums,-117.16431000000001,32.7211,4.0,336
222,Vacation Isle Park,-117.2364882,32.77230996,5.0,16
223,Shell Beach,-117.27632,32.850389,4.5,12
224,San Diego River Bike Path,-117.21764089999999,32.75844324,4.0,70
225,Lomita Park,-118.3144051,33.803455,3.5,0
227,Maggie Houlihan Memorial Dog Park,-117.2828488,33.03227379,4.5,0
228,Strata,-117.155984,32.711469,4.0,743
229,Seville Realty Group,-117.14595,32.75795,4.0,53
230,Air Concierge,-117.16433,32.72508,4.0,184
231,Windsor at Aviara,-117.280423,33.110727000000004,3.5,0
232,Cedar Creek Falls,-116.70059679999999,33.0060723,4.5,0
233,Alex Road Skatepark,-117.344801,33.221923,4.0,0
234,Mountain View Community Center,-117.1056,32.69911,4.0,63
235,Allied Gardens Recreational Center,-117.0795614,32.79573642,3.0,19
236,San Carlos Recreation Center,-117.0219569,32.7987,3.5,14
237,RJC Athletics,-117.09107,32.792759999999994,5.0,31
238,Mast Park,-116.99717790000001,32.8430021,3.5,0
239,Aztec Aquaplex SDSU,-117.0800476,32.7748489,4.0,29
240,Self Realization Fellowship Hermitage & Meditation Gardens,-117.294653,33.036573,5.0,0
241,Harry Griffen Park,-116.99090890000002,32.7833834,3.0,1
242,Lake Hodges Reservoir,-117.10863700000002,33.066039,4.5,0
243,Lake Jennings,-116.88643379999999,32.85172154,3.5,0
244,Mt Helix Park,-116.9825033,32.766981099999995,4.5,0
245,"Robert Egger, Sr. - South Bay Recreation Center",-117.094233,32.57498747,4.0,31
246,Montgomery-Waller Park,-117.0668348,32.5777643,5.0,23
247,Coast Boulevard Park,-117.2792777,32.84391897,5.0,31
248,Ellen Browning Scripps Park,-117.27386399999999,32.849273,4.5,26
249,Crown Point,-117.23378999999998,32.786809999999996,4.5,37
250,Florida Canyon,-117.1424463,32.72683341,4.0,14
251,Point Loma,-117.2375107,32.6838861,4.5,0
252,Desert Garden,-117.145578,32.733483,4.0,29
253,Canyonside Community Park,-117.130233,32.94215006,4.5,3
254,Rancho Penasquitos Off Leash Area,-117.12145,32.95787,3.5,20
255,Standley Recreation Center,-117.21011000000001,32.85066,4.5,14
256,Tierrasanta Community Park and Recreation Center,-117.08687649999999,32.8294852,3.5,2
257,Shepard Canyon,-117.10107109999998,32.83335213,4.5,6
258,North Fortuna Summit,-117.22833999999999,32.87966,5.0,4
259,Moonlight State Beach,-117.29807690000001,33.04798183,4.5,0
260,San Diego River Crossing Trail,-117.08932,32.81974,3.0,3
261,Damato Skatepark,-117.1099986,32.8185555,2.5,15
262,Adams Avenue Recreation Center,-117.11757779999999,32.7631951,3.5,57
263,Ocean Beach Park,-117.24684140000001,32.7425499,3.5,81
264,Ocean Beach Municipal Pier,-117.2535765,32.74712583,4.0,90
265,Ocean Beach Boardwalk,-117.25206270000001,32.748976,4.5,113
266,Ocean Beach Dog Beach,-117.24315,32.74991,4.5,107
267,Sunset Cliffs Bridge,-117.16232,32.71859,4.5,481
268,Ocean Beach Veteran's Memorial,-117.25257830000001,32.74773375,4.0,107
269,Robb Athletic Field,-117.24145779999999,32.754366,4.5,65
270,Belmont Park,-117.25108,32.76993,4.0,51
271,Point Loma Association,-117.23132,32.72112,4.0,28
272,Swami's State Beach,-117.29166740000001,33.0351999,4.5,0
273,Silver Strand State Beach,-117.142175,32.634791,3.5,1
274,Cardiff State Beach,-117.2775996,33.0031134,4.0,0
275,Imperial Beach Pier,-117.13490220000001,32.57953911,4.0,0
276,San Ysidro Port of Entry,-117.02920359999999,32.54360628,3.0,39
277,Diesel Salon,-117.1041311,32.76338226,4.5,41
278,Style Lounge Salon,-117.15946000000001,32.71097,4.5,582
279,CurlCraft,-117.1293405,32.7475282,5.0,118
280,Hair Drezzers On Fire,-117.118602,32.763147,4.5,53
281,Laila Salon,-117.12931999999999,32.72983,4.5,28
282,Salon on 30th,-117.12995,32.72917,4.5,28
283,The Color Collective Salon,-117.14575220000002,32.746161,5.0,93
284,Tokyo Blaq,-117.14622,32.83348,5.0,47
285,Raven & Sage Collective,-117.13027530000001,32.7477538,5.0,119
286,Hello Bella Nail & Spa,-117.15168,32.833259999999996,4.5,46
287,Old Cactus Garden,-117.154183,32.730973999999996,3.5,73
288,Tourmaline Surf Park,-117.26118390000002,32.80581348,4.5,33
289,Bird Rock,-117.27071000000001,32.81512,4.5,8
290,Bird Shit Rock,-117.25633710000001,32.73342257,5.0,10
291,False Point,-117.26616489999999,32.80842449,5.0,16
292,La Jolla Underwater Park,-117.273829,32.850514000000004,4.5,21
293,Cat Jetty,-117.2413111,32.759225,5.0,28
294,Spanish Landing Park East,-117.20411840000001,32.7291851,4.0,1
295,Sweetwater Summit Campground,-117.0062713,32.68405106,3.0,0
296,Mt. Acadia Neighborhood Park,-117.1810624,32.8112039,3.5,22
297,Old Town San Diego State Historic Park,-117.19790559999998,32.7549402,4.0,120
298,Fleet Science Center,-117.14737,32.73133,3.5,34
299,San Diego Natural History Museum,-117.1473889,32.73236259,3.5,30
300,Museum of Man,-117.1523561,32.73177243,3.5,63
301,San Diego Museum Of Art,-117.1503996,32.7315349,4.0,40
302,San Diego Children's Discovery Museum,-117.08235,33.12451,4.0,0
303,Brick Vault,-117.2171,32.904668,5.0,4
304,The New Children's Museum,-117.16515,32.71066,3.5,377
305,Creation and Earth History Museum,-116.95945049999999,32.84519741,3.5,0
306,Old Town Model Railroad Depot,-117.19379369999999,32.7516379,4.5,53
307,Kensington Mini Park,-117.10683,32.763020000000004,4.5,42
308,Marian Bear Memorial Park,-117.2159736,32.8333192,3.0,13
309,Fletcher Cove Park,-117.274082,32.991059,4.5,0
310,Howard Lane Neighborhood Park,-117.06306570000001,32.56621446,5.0,76
311,Los Altos Park,-118.12769640000002,33.79659145,3.5,0
312,Arco del Milenio,-117.0371154,32.53647512,3.0,0
313,Ocean View Hills Neighborhood Park,-117.0266,32.581959999999995,4.0,18
314,City of Otay Mesa,-116.9587281,32.56756731,5.0,7
315,University Heights Park,-117.1546368,32.76206791,3.5,47
316,Double Peak Park,-117.1771317,33.10913716,4.5,0
317,Strauss On Fifth,-117.1606225,32.742259000000004,5.0,120
318,Hawthorne Historic Inn,-117.16362,32.72744,4.5,153
319,Vista Pacifica Park,-117.00566599999999,32.581191,4.0,6
320,Sharp McDonald Center,-117.15462,32.80601,4.0,37
321,Vista Pacifica Apartments,-117.2848,33.188,3.5,0
322,RecoveryWorks,-117.11523319999999,32.901661,4.0,17
323,Pacifica Senior Living Vista,-117.23348999999999,33.218548,5.0,1
324,"Curtis Management Company, Inc",-117.3292389,33.13238144,2.0,0
325,Waterleaf Apartment Homes,-117.2782429,33.193204200000004,2.5,0
326,Kellogg Park,-117.25718729999998,32.85623026,5.0,12
327,Kellogg Park,-117.5581473,33.86334218,3.5,0
328,North Comfort Station,-117.256165,32.856832,5.0,13
329,Pacific Rim Park,-117.23355959999999,32.7083638,5.0,4
330,Scripps Beach,-117.2543853,32.86357106,4.5,5
331,San Diego Bay,-117.234197,32.708444,4.5,4
332,Kellogg's Beach,-117.24043999999999,32.71139,3.0,6
333,La Jolla Shores Lifeguard Tower,-117.25613700000001,32.856876,3.5,13
334,The Village Mission Valley,-117.1085645,32.7946438,3.5,13
335,Casa Aldea at University City Village,-117.1911216,32.8507857,4.5,8
336,Fashion Valley,-117.16678,32.7679298,4.0,45
337,Westfield UTC,-117.21341070000001,32.871047499999996,3.5,70
338,Costa Verde Center,-117.2152368,32.8677703,2.5,41
339,Del Rio Apartment Homes,-117.12878390000002,32.77857068,3.0,29
340,The Shops at La Jolla Village,-117.23372649999999,32.868380800000004,3.0,23
341,ALX,-117.15238000000001,32.70863,3.5,559
342,Portofino Apartment Homes,-117.12918379999999,32.784822399999996,4.0,26
343,The Missions At Rio Vista Apartments,-117.1469771,32.774619,2.0,52
344,True North Tavern,-117.12977,32.74767,3.0,122
345,University Gardens Park,-117.19005159999999,32.8538743,4.0,11
346,Alcazar Garden,-117.1515788,32.73125254,4.5,47
347,La Jolla International Gardens,-117.22374599999999,32.866782,3.5,29
348,1935 Cactus Garden,-117.153356,32.728918,5.0,69
349,Normal Heights,-117.11945,32.76335,4.0,53
350,Betty Rose Apartments,-117.13298999999999,32.75333,4.5,183
351,Towers at Costa Verde,-117.216201,32.869321,4.5,37
352,Avalon La Jolla Colony,-117.2288912,32.8626729,3.5,28
353,Taste of North Park,-117.1301104,32.74845399,4.0,148
354,Ariva,-117.1397001,32.8289363,3.5,64
355,Park Diplomat,-117.14741000000001,32.74736,2.5,105
356,Costa Verde Village,-117.21731000000001,32.8701,3.5,65
357,Starkey Mini Park,-117.2733202,32.82977968,5.0,19
358,Grant Hill Park,-117.1379592,32.70946786,4.5,175
359,Rohr Park,-117.03180640000001,32.6661781,4.5,0
360,Encinitas Community Park,-117.28078000000001,33.032475,4.5,0
361,University Heights Community Development Corporation,-117.146606,32.758296,4.5,48
362,Union Cowork North Park,-117.12978999999999,32.74892,4.0,155
363,F&F Property Management,-117.1304966,32.7514174,4.0,178
364,Oceanside,-117.37966000000002,33.19781,4.5,0
365,Heritage Park Victorian Village,-117.1932324,32.75443414,3.5,51
366,Villa Montezuma Museum,-117.14607690000001,32.70811498,5.0,444
367,Jean Rivaldi,-117.1205925,32.739867100000005,5.0,34
368,Dan Cordello Real Estate Services,-117.158634,32.774179,5.0,53
369,Old Town San Diego,-117.19385,32.751709999999996,4.5,61
370,Brett Alderman,-117.2147,32.873470000000005,5.0,69
371,Melinda DiPerna - Keller Williams Realty,-117.1614469,32.72899368,5.0,118
372,J&D Management,-117.14513999999998,32.83039,4.0,44
373,Hoban Management,-116.96391000000001,32.7924999,1.5,1
374,CIS Investments,-117.14021000000001,32.76768,2.0,35
375,Quail Run Apartments,-116.87471000000001,33.03675,3.5,0
376,California Department of Motor Vehicles,-117.04035559999998,32.959752,2.5,0
377,FC Valet,-117.916753,33.644341,5.0,0
378,Silver Moon Photography,-118.0256271,33.7143519,5.0,0
379,Mashcole Property Management,-118.64188,34.15383,3.0,0
380,Montezuma Park,-117.06066100000001,32.76704,4.0,77
381,Kensington,-117.10666499999999,32.763839000000004,5.0,38
382,Haunted San Diego Ghost Tours,-117.19379369999999,32.7516379,4.5,53
383,San Diego State University,-117.07161509999999,32.7751507,4.0,33
384,San Diego State Aztecs,-117.07253,32.77215,4.0,43
385,5811 Lindo Paseo,-117.0715942,32.7714958,3.5,46
386,San Diego Public Library - College Rolando Branch Library,-117.05636000000001,32.769027,3.5,54
387,Aztec Recreation Center,-117.07576399999999,32.774474,4.0,38
388,Viejas Arena,-117.074602,32.773824,3.5,39
389,Diplomat,-117.05659479999998,32.76858521,3.0,55
390,Ghosts & Gravestones Tour San Diego,-117.1957977,32.7535674,3.0,83
391,Save Our Heritage Organization,-117.15758999999998,32.741479999999996,3.0,101
392,Aztec Pacific Apartments,-117.0551608,32.7686242,2.5,62
393,Carriage House,-117.079876,32.760884999999995,1.0,69
394,Penthouse Apartments,-117.05731000000002,32.769509899999996,1.5,57
395,Old Town Mexican Cafe,-117.194767,32.75239795,3.5,80
396,Cafe 21 Gaslamp,-117.16028940000001,32.71376,4.0,609
397,Collier Park,-117.23666809999999,32.74762016,3.5,64
398,Collier Park,-117.014784,32.75897926,2.0,2
399,Deputy Ken Collier Neighborhood Park,-116.99759399999999,32.835982,5.0,0
400,Point Loma Native Plant Garden,-117.23559499999999,32.747421,4.0,65
401,La Jolla,-117.253346,32.862315,4.5,6
402,Beacon's Beach,-117.30426000000001,33.070640000000004,4.5,0
403,Jerabek Park,-117.082733,32.910252,3.0,7
404,Mission Hills Open Space,-117.17697390000001,32.74989277,2.5,23
405,White Deer Park,-117.195233,32.75671296,5.0,54
406,Park de la Cruz Skate Park,-117.11171999999999,32.74479819,3.5,103
407,South Village Neighborhood Park,-117.16171200000001,32.994873999999996,4.5,2
408,East Village Square,-117.15689429999999,32.70925510000001,4.5,626
409,Seaport Village,-117.17093700000001,32.709071,4.0,59
410,Embarcadero Marina Park South,-117.16328840000001,32.70573189,4.0,177
411,Ruocco Park,-117.1715213,32.71105712,4.0,62
412,Martin Luther King Jr. Promenade,-117.166051,32.710017,4.5,325
413,Arcadia at StoneCrest Village,-117.1176646,32.79746127,4.0,13
414,Form 15,-117.15082549999998,32.71208191,4.0,559
415,Loma Village,-117.2097557,32.749419,2.5,188
416,Lincoln Military Housing - The Village at Serra Mesa,-117.146552,32.802648,1.5,41
417,Shift,-117.149626,32.709653,3.5,530
418,Mesa Residential Apartments,-117.21846599999999,32.873179300000004,4.0,57
419,13th & Market,-117.1525479,32.711563500000004,3.5,628
420,Fanuel Street Park,-117.24442009999999,32.79142344,4.5,74
421,J Street Marina Bayside Park,-117.10122,32.62558,4.5,0
422,Stone Brewing Tap Room,-117.1575568,32.70879717,4.0,563
423,J Street Viewpoint,-117.29596289999999,33.03911551,4.5,0
424,Social Tap,-117.15725249999998,32.70920545,4.0,595
425,Rice Canyon Trail,-117.023145,32.64124139,4.0,0
426,Jsix,-117.15872420000001,32.7094817,3.5,542
427,Horton Plaza Park,-117.1614156,32.71546447,3.0,581
428,Horton Plaza Park,-117.1616407,32.71533057,3.0,575
429,Edward J Schwartz Federal Building,-117.16495,32.7143299,5.0,466
430,Gaslamp Quarter Association,-117.16030900000001,32.711942,4.0,599
431,Jessop's Clock,-117.16188000000001,32.713949,3.0,584
432,Hall of Justice,-117.166046,32.716255,3.0,403
433,Horton Plaza Christmas Tree Lighting,-117.16148899999999,32.714995,2.5,573
434,Superior Court of California,-117.165605,32.71697401,4.0,424
435,Sheila R Hardin Downtown Information Center,-117.1636963,32.71682168,5.0,506
436,A National Salute to Bob Hope & the Military,-117.17575579999999,32.71276267,4.5,25
437,Thread Show,-117.15152739999999,32.70680618,3.5,452
438,Internal Revenue Service,-117.16431000000001,32.7211,4.0,336
439,IRS,-117.16418600000002,32.714334,2.5,487
440,United States District Court Jury Assembly Room,-117.16620520000001,32.71518221,5.0,418
441,US Post Office,-117.13989,32.80138,3.5,24
442,"Superior Court of California, County of San Diego, Small Claims",-117.165834,32.71690968,2.5,417
443,Nestor Neighborhood Park,-117.0812244,32.57110291,2.0,31
444,Nestor Language Academy Charter School,-117.08273999999999,32.5702799,5.0,32
445,Nestor Head Start,-117.081846,32.571243,5.0,31
446,Mt Olivet Cemetery,-117.08798,32.5687,4.0,21
447,San Diego Public Library - Otay Mesa-Nestor Branch Library,-117.0681639,32.5770674,4.0,16
448,Pinnacle at Otay Ranch,-116.999402,32.622126,3.0,0
449,Pacific Southwest Railway Museum La Mesa Depot,-117.02011940000001,32.764258399999996,4.0,1
450,Sun Country Coastal - San Diego,-117.1916,32.725969899999996,4.5,1
451,San Diego Sailing Academy,-117.231596,32.70969,4.0,4
452,Sky Tower Skyride,-117.2266838,32.76538452,4.5,16
453,Cocktail Fest,-117.15618130000001,32.7085991,5.0,603
454,Southwest Middle School,-117.0753097,32.5692849,5.0,23
455,Silver Wing Park,-117.05287209999999,32.57751025,5.0,33
456,Realty Rehab,-117.25444099999999,32.791335,5.0,118
457,Winchester,-117.3809727,33.197254,2.5,0
458,Enjoy The Mountain,-117.20103359999999,34.29715665,5.0,0
459,Enjoy The Mountain,-118.379351,34.0880529,4.5,0
460,Kensington Park Villas Community Assn,-117.10066359999999,32.7745925,5.0,13
461,Ward Canyon Dog Park,-117.109677,32.761306,2.5,81
462,Penasquitos Village,-117.0892547,32.9768531,4.0,22
463,Camino Ruiz Neighborhood Park,-117.14558600000001,32.93204715,4.0,12
464,Christensen Realty Group,-117.1211243,32.85449917,5.0,0
465,Johnson & Associates Real Estate Services,-117.128006,32.95703125,5.0,16
466,Lora Haight,-117.2402994,32.79871431,5.0,115
467,Rolling Hills Park,-117.092192,32.9913,5.0,6
468,Rolling Hills Park,-116.9692179,32.65944689,4.0,0
469,Rolling Hills Park,-117.89993899999999,33.90017,5.0,0
470,Emerald Hills Park,-117.07278629999999,32.72235508,3.5,18
471,Plumosa Park,-117.22939,32.73856,3.5,27
472,Hilltop Park,-117.06073400000001,32.627953000000005,4.0,0
473,Twin Trails Park,-117.13429,32.959009,4.0,8
474,Glen Park,-117.280677,33.0189751,4.0,0
475,Old Coach Trail South Staging area,-117.0294252,33.02131866,3.0,0
476,Torrey Del Mar Neighborhood Park,-117.1614003,32.96746527,4.5,9
477,Torrey Pines Gliderport,-117.25101299999999,32.889837,4.5,2
478,Highway 56 Bike Path,-117.11231409999998,32.95975351,4.0,10
479,La Jolla Heights Open Space,-117.2650791,32.8438057,5.0,26
480,Torrey Del Mar Apartments,-117.1603012,32.970424699999995,5.0,6
481,Seagrove Park,-117.267227,32.9617,4.5,0
482,Powerhouse Park & Beach,-117.26773770000001,32.961596500000006,4.5,0
483,Torrey Hills Apartment Homes,-117.22661599999999,32.916841,4.0,7
484,Signature Point,-117.233073,32.955556,3.5,29
485,Del Mar Ridge Apartments,-117.20881670000001,32.9436607,4.0,5
486,Torrey Villas Apartment Homes,-117.2303344,32.91771472,3.5,7
487,Los Arboles Apartments,-117.26155,32.94747,4.5,5
488,Pantoja Park,-117.1678162,32.713572,3.5,295
489,Newport Landing Whale Watching and Sportfishing,-117.90061999999999,33.60346,3.5,0
490,Wabash Hall,-117.12024,32.748979999999996,3.0,120
491,Melroy Property Management,-117.22696,32.824329999999996,2.0,8
492,Central Park Apartments,-117.001025,32.7862383,4.0,0
493,Quince Street Bridge,-117.16107779999999,32.73665674,4.5,92
494,Switzer Canyon Open Space Park,-117.1334989,32.733015,4.0,20
495,Adobe Bluffs Neighborhood Park,-117.13878390000002,32.9733338,4.5,5
496,Gateway Military Housing,-117.2070301,32.743632500000004,3.5,62
497,Diligence Transportation Services,-117.1180705,32.77870333,5.0,16
498,Wightman Street Neighborhood Park,-117.086097,32.74756396,4.0,116
499,Miramar Lakeview Park,-117.08755790000001,32.91840528,4.5,3
500,Rancho Bernardo Dog Park,-117.07383359999999,33.046274,4.0,5
501,Torrey Highlands Dog Park,-117.22155910000001,32.96003208,3.5,5
502,Twin Peaks,-117.051308,32.98110861,3.5,0
503,4S Patriot Park,-117.10842,33.025209999999994,4.5,0
504,Lakeview Trail,-117.18537140000001,33.11856079,3.5,0
505,Mega Arte Riding Academy,-117.186627,33.089079999999996,3.5,0
506,Penasquitas Casa Blanca,-117.1257088,32.95635112,1.0,16
507,Views West Park,-117.1155453,32.95460151,4.5,16
508,Sabre Springs Park,-117.09631189999999,32.95089821,4.5,9
509,South Creek Neighborhood Park,-117.07960109999999,32.94274399,4.5,6
510,Carmel Mountain Ranch Community Park,-117.09174990000001,32.96673925,4.0,15
511,Van Dam Peak,-117.0879504,32.95658841,2.5,12
512,Rose Canyon Bicycle Path,-117.23440090000001,32.8489728,3.5,8
513,Town Center Community Park,-116.9771004,32.84743288,4.5,0
514,Kit Carson Park,-117.0582962,33.07759012,4.0,0
515,Hilleary Park,-117.04151999999999,32.96132,4.0,0
516,Del Mar Dog Beach,-117.2702551,32.9768801,4.0,0
517,Adobe Bluffs Elementary School,-117.125,32.96605,2.5,12
518,Highland Ranch Park,-117.07240459999998,32.98229812,4.0,22
519,Pacific Highlands Ranch Dog Park,-117.184697,32.959678000000004,4.5,15
520,Pump Track,-117.184499,32.960006,4.5,14
521,Del Mar Trails Park,-117.21788529999999,32.9438511,4.5,5
522,Windwood Park,-117.2257731,32.9481869,3.5,9
523,Dirty Dogs Dog Park,-117.21439,32.920190000000005,3.5,5
524,Carmel Mountain Christian Church,-117.10785200000001,32.949479,5.0,7
525,Matthew Pichardo - Prime Home Partners,-117.17091,32.75007,5.0,78
526,St Therese of Carmel,-117.2200247,32.94257945,5.0,5
527,Patty Doyle - San Diego Realtor,-117.16864950000001,32.723608399999996,5.0,156
528,Art Lewis - San Diego Realtor,-117.160408,32.71070099,5.0,548
529,San Diego Tennis Lessons,-117.0750347,33.006803600000005,5.0,8
530,San Diego Rowing Club,-117.2483673,32.77959061,5.0,20
531,Hampton Inn San Diego/Mission Valley,-117.1822861,32.75853798,3.5,27
532,San Diego Airport Taxi,-117.1496153,32.7483809,2.0,106
533,The Dana on Mission Bay,-117.23749309999998,32.7665327,3.5,18
534,Pacific Ridge Apartments,-117.1870425,32.7703348,3.0,15
535,Hyatt Regency Mission Bay Spa and Marina,-117.2414182,32.76520998,3.0,17
536,Dania Macias - TEN X Realty,-117.2280348,32.8722571,4.5,28
537,Eugenia Garcia & Associates,-117.2741848,32.8463044,4.5,38
538,Janicke Swanson - Berkshire Hathaway Home Services,-117.2711,32.848490000000005,5.0,32
539,San Diego Van Service,-117.23765559999998,32.79521942,4.5,112
540,Aall In Limo & Party Bus,-117.168598,32.715375,5.0,253
541,Awaken Church | Balboa Campus,-117.1592872,32.8223195,3.5,43
542,Mission Basilica San Diego de Alcala,-117.10600500000001,32.784641,4.5,44
543,Guadalupana Memorial Chapel,-117.13798,32.706069899999996,5.0,198
544,Villa De La Paz,-116.986622,32.744644,2.5,0
545,Casa La Paz Apartments,-117.07531999999999,32.62298,1.0,1
546,John F Kennedy Park,-117.09101509999998,32.70038523,4.5,75
547,Keiller Leadership Academy,-117.04175829999998,32.7122249,5.0,14
548,Keiller Danny L MD Urology,-117.16243999999999,32.75053,1.5,189
549,Brown's Grove,-117.16776920000001,32.92147704,5.0,5
550,Penasquitos Creek Park,-117.15121470000001,32.939495199999996,4.0,4
551,Maddox Park,-117.1569743,32.90669309,3.5,11
552,Poway Dog Park,-117.04785159999999,32.95209122,3.5,0
553,Mesa Verde Park,-117.1437645,32.90546814,4.0,20
554,Mesa Verde Park,-117.93157920000002,33.6753096,3.5,0
555,Hector Martinez - Century 21st 1st Choice Realty,-117.1927338,32.79694366,5.0,27
556,Parque Teniente Guerrero,-117.0458281,32.53267536,4.5,0
557,San Diego Zoo,-117.14878429999999,32.7357987,4.5,32
558,Free Flight,-117.2641,32.97013,4.5,0
559,Living Coast Discovery Center,-117.11042759999998,32.64027614,4.5,0
560,Botanical Building,-117.1492517,32.73244902,4.5,35
561,Butterfly Jungle,-116.995725,33.097460999999996,4.0,7
562,San Diego Zoo Safari Park,-116.995725,33.097452000000004,4.0,7
563,Raised By Wolves,-117.213181,32.8723646,4.0,67
564,Lakeview Park,-117.178684,33.124453,4.5,0
565,Lakeview Park,-118.0870361,33.94204837,4.0,0
566,Lake View Park Apartments,-117.0024642,32.8507297,3.5,0
567,Ridgeline Trailhead,-117.19322199999999,33.10304622,4.5,0
568,Lakeview Mobile Estates,-117.183982,33.130325,1.0,0
569,Lake Poway Park,-117.0139449,33.00689964,4.5,0
570,Mountain View Park,-117.0371587,33.12863674,4.0,0
571,Mountain Hawk Park,-116.93403629999999,32.63634872,4.5,0
572,Vista Terrace Neighborhood Park,-117.05104879999999,32.5658838,1.0,30
573,Menas Realty Company,-117.15800049999999,32.7784019,3.0,34
574,ASPM-San Diego,-117.12798000000001,32.83625,3.5,27
575,Torrey Pines Property Management,-117.272147,32.846319,4.0,39
576,Crummack Huseby,-117.6840499,33.66466320000001,3.5,0
577,Mesa Viking Neighborhood Park,-117.1365301,32.9256596,4.0,14
578,Westview Park,-117.1191249,32.9221443,3.5,44
579,Westview Tennis Courts,-117.12217609999999,32.931003600000004,3.5,17
580,Famosa Slough,-117.2281838,32.75095309,4.0,53
581,Breen Park,-117.13059750000001,32.92396631,4.0,12
582,David's Friendly Market,-117.12508000000001,32.711419899999996,5.0,69
583,The French Oven,-117.0795,32.91248,4.5,7
584,Parc Bistro-Brasserie,-117.16049699999999,32.734190999999996,4.5,88
585,Extraordinary Desserts,-117.16579490000001,32.72026512,4.0,322
586,CUCINA urbana,-117.182778,32.74147,4.5,42
587,Toscana Cafe & Wine Bar,-117.1602644,32.7077324,3.0,389
588,Spring Canyon Park,-117.092675,32.93585,3.5,7
589,Annie's Canyon Trail,-117.2724462,33.003597,4.5,0
590,La Jolla Trail,-117.251678,32.885099,4.0,3
591,Cypress Canyon Park,-117.06402340000001,32.92399496,4.5,4
592,San Dieguito River Park,-117.2474946,32.9783445,5.0,14
593,Del Mar City Beach,-117.2681469,32.96037648,4.5,0
594,San Dieguito River Park,-117.04058290000002,33.042441,4.5,1
595,North Torrey Pines State Beach,-117.20280459999998,32.89819336,4.5,13
596,Marine Corps Air Station Miramar,-117.144122,32.87015,4.0,0
597,Naval Base San Diego,-117.130031,32.684785999999995,3.5,3
598,Naval Base Coronado,-117.1836,32.698266,4.0,0
599,La Mesa Public Stairs,-117.02447590000001,32.7592038,4.5,2
600,Giant Paintball Airsoft Park,-116.83552820000001,32.989116499999994,5.0,0
601,Surfside Race Place,-117.25747549999998,32.97567457,4.0,5
602,SeaWorld San Diego,-117.22689,32.761990000000004,3.5,20
603,Coronado Bridge,-117.153352,32.689442,4.5,0
604,Half Off Theme Parks,-117.15340859999999,32.7645694,5.0,59
605,Del Mar Racetrack,-117.26301059999999,32.97410831,4.0,0
606,San Diego Civic Theatre,-117.16213490000001,32.7168704,4.0,537
607,Leo Carrillo Ranch Historic Park,-117.23671999999999,33.118916999999996,4.5,0
608,Inn at the Park,-117.1599024,32.73851185,3.5,88
609,La Jolla Half Marathon,-117.2553864,32.83704758,3.5,11
610,Goat Hill Park,-117.35927360000001,33.19748534,3.5,0
611,Emerald Isle Golf Course & Practice Range,-117.33184809999999,33.21374512,4.0,0
612,Clay Park,-117.06015990000002,32.7633401,3.5,67
613,Ceramic Heights,-117.10688,32.754909999999995,5.0,165
614,San Diego Potters' Guild,-117.14771840000002,32.733482300000006,5.0,31
615,San Diego Craft Collective,-117.215926,32.738765,5.0,33
616,Plum Pottery,-117.129272,32.730292999999996,5.0,28
617,Get Centered Clay Studio,-117.02087,32.77244,4.5,1
618,Autumn Sno Artwork- Art Classes,-117.1653311,32.74483738,5.0,174
619,Claytime Ceramics and Gifts,-117.2515091,32.74625838,4.5,106
620,Drawn2Art - San Diego,-117.1295946,32.956067100000006,5.0,15
621,Global Art San Diego PQ,-117.11396,32.96097,5.0,16
622,Parachute Studio,-117.2323367,32.7920948,5.0,46
623,Elevate School,-117.14416000000001,32.78642,5.0,2
624,Clay Associates,-117.1136017,32.76301956,5.0,65
625,Clay Gosnay - Pacific Sotheby's International Realty,-117.1329456,32.7643254,5.0,32
626,Freeform Clay And Supply,-117.11164860000001,32.66365814,5.0,0
627,The Boulevard Boo Parade,-117.0857773,32.756950399999994,5.0,126
628,Spruce Street Suspension Bridge,-117.16561829999999,32.73877172,4.5,80
629,Making Strides of San Diego,-117.1547251,32.77145,5.0,81
630,Azalea Park and Recreation Center,-117.1085511,32.73263511,4.0,40
631,Surfside Ranch,-117.08321699999999,32.556882,4.0,2
632,Jill Hansen - Sotheby's International Realty,-117.0188065,32.76532364,5.0,1
633,Superb Mortgage and Real Estate,-117.17868700000001,33.100192,5.0,0
634,The Davey Tree Expert Company,-117.19646000000002,32.88234,4.0,1
635,Belle Terre Landscapes,-117.0743939,33.0203257,5.0,19
636,Azaleawood Outdoor Lighting and Irrigation,-117.2513,33.2116,5.0,0
637,Newman Windows & Doors,-117.2738647,33.1244278,3.5,0
638,Juniper Canyon Open Space,-117.1214457,32.73010346,5.0,18
639,Old Point Loma Lighthouse,-117.2409825,32.67153358,4.5,1
640,Sage Canyon Elementary School,-117.20353999999999,32.92617,3.0,3
641,Ruffin Canyon Open Space,-117.12941740000001,32.8016396,3.5,17
642,San Elijo Lagoon Ecological Reserve,-117.27346809999999,33.01320621,4.0,0
643,Torrey Hills Pocket Park,-117.21327,32.92116,4.0,5
644,Sorrento Valley Road Pedestrian and Bikeway,-117.2371295,32.91627212,4.0,3
645,Sandburg Neighborhood Park,-117.14815520000002,32.9240799,3.0,15
646,Sandburg Elementary School,-117.1498,32.92618,3.5,12
647,Sandburg Child Development Center,-117.1498,32.92618,4.0,12
648,Ocean Air Recreation Center,-117.21781999999999,32.926840000000006,4.0,2
649,Self-Realization Fellowship,-117.29383519999999,33.0400798,4.5,0
650,Marsh trail at Torry Pones Reseve,-117.2599594,32.9323146,5.0,6
651,Pacific Breeze Apartments,-117.22670749999999,32.751090999999995,4.5,59
652,Latitude 33,-117.23396609999999,32.7682205,5.0,13
653,Villa Pacific Apartments,-117.19642340000001,32.7924577,4.0,27
654,South Shores Bike Path,-117.21636000000001,32.761540000000004,4.5,46
655,Three Sisters Falls,-116.632974,32.925067999999996,4.5,0
656,Stonewall Peak Trail,-116.57910179999999,32.95964225,4.5,0
657,Briercrest Park,-117.0026932,32.7811203,4.0,1
658,Scripps Ranch Villages Butterfly Park,-117.083623,32.93300926,5.0,7
659,Navajo Canyon Open Space,-117.07369209999999,32.79341215,4.0,10
660,Sweetwater Summit Regional Park,-117.0079621,32.68498877,4.0,0
661,Cleveland National Forest,-117.094959,33.022147,4.0,4
662,Dos Picos County Park,-116.94133640000001,32.998976899999995,4.0,0
663,Blue Sky Ecological Reserve,-117.02453999999999,33.017590000000006,4.5,0
664,Calico Ranch,-116.60063170000001,33.07725906,4.0,0
665,Loma Palisades,-117.225649,32.749326,2.5,48
666,Silver Terrace Park,-117.1924,32.76461,4.5,63
667,Teralta Park,-117.1086517,32.75227445,3.0,171
668,Peter Gyorgy - Berkshire Hathaway HomeServices,-117.230331,32.722808,5.0,32
669,Quality Mobile Screens,-117.87033000000001,33.701370000000004,5.0,0
670,North Park Beer Company,-117.1291179,32.7487183,4.0,159
671,Encontro North Park,-117.12976,32.74822,4.5,142
672,North Park Produce,-117.1165314,32.75492096,4.0,109
673,North Park Nursery,-117.13931000000001,32.74821,4.5,98
674,North Park Produce Bakery and Grill,-117.06500700000001,32.95261488,4.0,0
675,Working Class,-117.12991000000001,32.75203,4.5,182
676,Mushroom House,-117.2518616,32.8720512,5.0,1
677,Lost Cause Meadery,-117.13663999999999,32.89526,5.0,9
678,5 Star Dealer School,-117.0880192,33.12898092,5.0,0
679,Herb Shoppe,-117.11528020000002,32.7555809,5.0,110
680,Medina Moroccan-Baja Kitchen,-117.13238090000002,32.7555903,5.0,165
681,TapRoom Beer Co,-117.14347,32.75567,4.5,80
682,Brazil By The Bay,-117.21137590000001,32.757045,4.0,113
683,Siamo Napoli,-117.12995500000001,32.749772,4.5,167
684,The Shop: Pizza + Cocktails,-117.072584,33.019876000000004,4.5,24
685,Tamales Oaxaquenos,-117.10627020000001,32.74925616,4.0,188
686,Cross Street Chicken and Beer,-117.15472199999999,32.820203,4.5,40
687,Solana Highlands Park,-117.23876899999999,32.956013,4.0,26
688,Solana Pacific Elementary School,-117.23122260000001,32.9520397,4.0,32
689,Solana Highlands,-117.26159840000001,32.9850809,3.5,1
690,Solana Highlands Elementary School,-117.24028829999999,32.9543607,5.0,24
691,Robinson Realty,-117.2565,32.98041,5.0,12
692,Aurora At Riviera Del Sol Hoa,-116.97543999999999,32.56798,1.0,7
693,Stonebridge Neighborhood Park,-117.021351,32.924212,4.5,1
694,The River Trail,-117.26300790000002,32.97071399,4.0,0
695,Otay Lakes County Park,-116.93011899999999,32.607746999999996,4.5,0
696,Coast To Crest Trail,-117.06773999999999,33.06648563,4.5,0
697,Bernardo Mountain,-117.089867,33.066181,4.5,0
698,Tijuana River National Estuarine Research Reserve,-117.1274,32.575688,4.5,0
699,Coral Bay Apartments,-117.1945395,32.80201769999999,3.0,20
700,Pack & Park,-117.06505,33.06747,3.0,0
701,AVA Pacific Beach,-117.2379784,32.7908227,3.0,64
702,Dorothy Petway Neighborhood Park,-117.11894199999999,32.69297,1.5,69
703,Children's Pool,-117.27863300000001,32.847570000000005,4.0,22
704,Villa La Jolla,-117.2340119,32.86293861,4.0,21
705,La Jolla Terrace,-117.2151794,32.86490631,3.5,29
706,La Jolla Del Rey Apts.,-117.19253710000001,32.8513857,2.5,9
707,Avia La Jolla Apartments,-117.1908148,32.8517909,2.5,9
708,Venetian Condominiums,-117.22121000000001,32.86745,4.0,41
709,Villa La Jolla Townhomes Association,-117.2765656,32.82619858,2.5,22
710,Town Park Villas,-117.1933307,32.85103839999999,1.5,8
711,La Jolla Palms Apartment Homes,-117.2235551,32.86998176,3.5,30
712,The Villas of Renaissance,-117.2028,32.870519,3.0,26
713,Village View Apartments,-117.2161713,32.86542511,1.5,38
714,Laura Kelley - Keller Williams Realty,-117.2399555,32.951066,5.0,24
715,Pernicano Realty & Management Company,-117.13246629999999,32.7695783,2.5,12
716,Tuxedo Park,-117.0456358,32.80855277,3.5,8
717,Zeglio Custom Clothiers,-117.27058000000001,32.81607,5.0,9
718,Zeglio Custom Clothiers,-117.16259,32.71635,5.0,549
719,The Gentlemen's Tux Club,-117.155796,32.71374,5.0,664
720,Men's Wearhouse,-117.15205630000001,32.769864299999995,3.5,88
721,The Godfather Restaurant,-117.15168,32.833259999999996,4.0,46
722,Robert's Men Suits & Custom Tailoring,-117.215277,32.755390000000006,4.5,107
723,Friar Tux,-117.01123999999999,32.77583,4.0,1
724,Mesa Clothing & Alterations,-117.18814280000001,32.89866779,5.0,9
725,Coasterra,-117.188006,32.72450037,4.0,1
726,The Observatory North Park,-117.13127,32.748000000000005,3.0,118
727,Day of LOVE,-117.07243999999999,33.01672,4.5,18
728,Bridal and Veil,-117.1523929,32.76466756,3.5,57
729,University Club Atop Symphony Towers,-117.157781,32.717926,4.0,555
730,Pushkin Russian Restaurant,-117.1594126,32.71338747,4.5,698
731,Angelo Italy Formal Wear,-117.08045,32.64177,2.5,1
732,An Artist Life,-117.24910220000001,32.7977468,4.5,168
733,The Pearl Hotel,-117.22898,32.72534,4.0,38
734,Prevue Formal & Bridal,-117.00856499999999,32.776778,4.0,1
735,Palisade Gardens,-117.13298,32.74877,4.0,155
736,Palisade Realty,-116.98376999999999,32.747679999999995,4.0,0
737,Border Field State Park,-117.0970785,32.5457924,4.0,0
738,Zoro Garden,-117.149055,32.731315,4.0,34
739,Japanese Friendship Garden,-117.14993229999999,32.73015244,4.0,35
740,Montalvo Street Native Plant Garden,-117.23270359999998,32.7502016,5.0,58
741,Tijuana River Valley Regional Park,-117.07121799999999,32.550996000000005,4.5,1
742,Rancho Mission Canyon Park,-117.0650876,32.80645713,4.0,9
743,Water Conservation Garden,-116.93954599999999,32.742717999999996,4.5,1
744,California Creative Kids,-117.16431000000001,32.7211,5.0,336
745,Baja Ballenas,-117.1343307,32.80434799,5.0,39
746,Carmel Creek Park,-117.225075,32.951865999999995,3.5,17
747,Miner's Ridge Loop Trail,-117.11976000000001,32.99367018,4.0,2
748,Sycamore Canyon Park,-117.02652340000002,32.92373863,5.0,1
749,Sycamore Canyon Park,-117.8146607,34.01050772,4.5,0
750,Morley Field Dog Park,-117.1404606,32.73948336,3.5,38
751,Canon Street Pocket Park,-117.233676,32.722906,4.0,28
752,Borrego Springs Park,-116.3776179,33.25304385,5.0,0
753,Coast Walk Trail,-117.26626999999999,32.84864,5.0,23
754,Otay Mesa Port of Entry,-116.93821899999999,32.550571999999995,2.5,12
755,San Ysidro,-117.04807,32.555409999999995,3.5,69
756,Pony Land San Diego Beach Rides,-117.0847105,32.5482076,4.5,1
757,San Diego Trolley,-117.1534,32.70576,3.5,434
758,Mexican Border,-117.03433829999999,32.54183584,3.5,55
759,America Plaza Trolley Station,-117.1611176,32.7193718,4.0,463
760,San Ysidro Transit Center,-117.02943400000001,32.544764,3.5,42
761,Global Sentri,-117.03653490000002,32.543455800000004,3.0,69
762,Palm Avenue Trolley Station,-117.0836172,32.58393768,3.0,31
763,U.S. Customs & Border Protection,-116.937793,32.551171999999994,3.5,12
764,Customs and Border Protection,-117.16431000000001,32.7211,3.5,336
765,PedWest Border Crossing,-117.03647,32.54844,3.5,73
766,Santa Fe Train Depot,-117.1695,32.71651,3.5,204
767,The Transit Store,-117.153499,32.7058113,2.5,420
768,Fifth Avenue Trolley Station,-117.1599875,32.71678694,2.5,597
769,"Capt. John Grim ""The Salty Doc""",-117.1895,32.72487366,5.0,1
770,Elevate SD Properties,-117.12751999999999,32.774828,4.5,21
771,You & Yours Distilling Co,-117.1504801,32.71252988,5.0,538
772,Park-it-on-Market,-117.15921100000001,32.711558000000004,4.0,598
773,San Diego Police Department,-117.15118000000001,32.715269899999996,2.0,435
774,Assaf Avissar,-117.16089290000001,32.7304664,5.0,98
775,Onyx Room,-117.16045,32.71433,3.5,615
776,La Costa Canyon Park,-117.24227920000001,33.08883526,4.0,0
777,Tenth&G Apartments,-117.15513600000001,32.712909,3.5,696
778,Horton Plaza- Westfield Parking,-117.16236200000002,32.713878,1.5,562
779,Manchester Grand Hyatt San Diego,-117.167854,32.709768,3.5,197
780,FLUXX,-117.16131999999999,32.71067,3.0,510
781,Carmel Grove Park,-117.23220049999999,32.94175461,3.5,13
782,Carmel Valley Recreation Center,-117.23281999999999,32.9492463,3.5,27
783,Carmel Valley Skate Park,-117.23773259999999,32.94802103,4.5,33
784,Corey Wyatt - Coastal Agent,-117.1340387,32.7708335,5.0,14
785,"Michael Barrow, Realtor",-117.16027,32.74938,5.0,207
786,The Club Torrey Pines,-117.22752879999999,32.9542664,3.5,25
787,Don Carlson Real Estate,-117.16098000000001,32.970161,5.0,6
788,Ashley Falls Park,-117.20830600000001,32.956215,4.5,14
789,Fay Avenue Bike Path,-117.27125,32.83272,4.0,22
790,C Street Inn,-117.1587372,32.71700668,3.5,596
791,Mesa Vista Apartments,-117.15524280000001,32.8060444,4.5,36
792,Vantaggio Suites,-117.15916599999998,32.71499991,4.0,651
793,Lucera Apartments At UTC,-117.2007785,32.86430106,3.0,15
794,La Casa de Estudillo,-117.1979615,32.75486110000001,4.0,120
795,Mira Bella Apartments,-117.149437,32.806644,3.5,29
796,Solterra Ecoluxury Apartments,-117.11368629999998,32.9193087,4.5,34
797,The Barcelona,-117.161645,32.729539,3.5,110
798,Mission Federal ArtWalk,-117.1691879,32.7276171,4.0,106
799,Harborview Apartment Homes,-117.17061059999999,32.7129915,3.5,114
800,Cuvier Park,-117.279207,32.8441,4.5,32
801,Saratoga Avenue Kid's Park,-117.24497,32.74519113,4.0,122
802,Saratoga Park,-117.686431,34.0649027,5.0,0
803,Great Maple - Hillcrest,-117.14953999999999,32.751709999999996,4.0,98
804,Phil's BBQ,-117.2159885,32.7547792,4.5,92
805,Cafe 21 University Heights,-117.1342481,32.76293418,4.0,52
806,Kensington Cafe,-117.10557,32.763027,4.0,42
807,Morning Glory,-117.1678479,32.7230999,4.0,198
808,The Original Pancake House,-117.15455220000001,32.81524084,3.5,36
809,Terra American Bistro,-117.0450748,32.7684985,4.0,26
810,Harbor Town Pub,-117.2316335,32.721716,4.0,32
811,Richard Walker's Pancake House,-117.1649312,32.71113137,4.0,397
812,Taste & Thirst,-117.1609657,32.71282341,4.0,586
813,Oggi's Sports | Brewhouse |Pizza,-117.12913400000001,32.779918,3.0,29
814,Hodad's,-117.25098999999999,32.74725,4.0,121
815,FIREHOUSE,-117.25554,32.79489,3.5,141
816,Shake Shack,-117.16936000000001,32.72554,3.5,116
817,Harney Sushi,-117.19561000000002,32.752339899999996,4.0,79
818,The Cottage La Jolla,-117.2749568,32.8434223,4.0,45
819,Brockton Villa Restaurant,-117.27155800000001,32.849777,4.0,23
820,Spreckels Park,-117.17631999999999,32.690827,4.5,0
821,Pioneer Park,-117.115723,33.029802000000004,3.5,0
822,Capehart Dog Park,-117.22533490000002,32.80700697,3.0,42
823,Grantville,-117.07275390000001,32.79450226,3.5,11
824,Grantville Trolley Station,-117.09761740000002,32.78050958,4.0,33
825,Qualcomm Stadium Trolley Station,-117.1205702,32.7864674,3.0,17
826,Mission San Diego Trolley Station,-117.1104368,32.78172091,2.0,23
827,Rio Vista Trolley Station,-117.14207990000001,32.77359246,3.5,36
828,Del Cerro - San Diego,-117.07352409999999,32.792626399999996,4.5,9
829,San Diego Metropolitan Transit System,-117.1534,32.70576,2.5,434
830,Petco Park,-117.157054,32.707246000000005,4.0,492
831,Ann D. L'Heureux Memorial Dog Park,-117.31641940000002,33.17113704,3.0,0
832,Fairbrook Farm,-117.22774650000001,33.30216435,5.0,0
